DateID,Date,Year,Quarter,Month,MonthName,Week,DayOfWeek,IsWeekend,FiscalYear,FiscalQuarter
20200101,2020-01-01,2020,Q1,1,January,1,Wednesday,False,2019,FQ4
20200102,2020-01-02,2020,Q1,1,January,1,Thursday,False,2019,FQ4
20200103,2020-01-03,2020,Q1,1,January,1,Friday,False,2019,FQ4
20200104,2020-01-04,2020,Q1,1,January,1,Saturday,True,2019,FQ4
20200105,2020-01-05,2020,Q1,1,January,1,Sunday,True,2019,FQ4
20200106,2020-01-06,2020,Q1,1,January,2,Monday,False,2019,FQ4
20200107,2020-01-07,2020,Q1,1,January,2,Tuesday,False,2019,FQ4
20200108,2020-01-08,2020,Q1,1,January,2,Wednesday,False,2019,FQ4
20200109,2020-01-09,2020,Q1,1,January,2,Thursday,False,2019,FQ4
20200110,2020-01-10,2020,Q1,1,January,2,Friday,False,2019,FQ4
20200111,2020-01-11,2020,Q1,1,January,2,Saturday,True,2019,FQ4
20200112,2020-01-12,2020,Q1,1,January,2,Sunday,True,2019,FQ4
20200113,2020-01-13,2020,Q1,1,January,3,Monday,False,2019,FQ4
20200114,2020-01-14,2020,Q1,1,January,3,Tuesday,False,2019,FQ4
20200115,2020-01-15,2020,Q1,1,January,3,Wednesday,False,2019,FQ4
20200116,2020-01-16,2020,Q1,1,January,3,Thursday,False,2019,FQ4
20200117,2020-01-17,2020,Q1,1,January,3,Friday,False,2019,FQ4
20200118,2020-01-18,2020,Q1,1,January,3,Saturday,True,2019,FQ4
20200119,2020-01-19,2020,Q1,1,January,3,Sunday,True,2019,FQ4
20200120,2020-01-20,2020,Q1,1,January,4,Monday,False,2019,FQ4
20200121,2020-01-21,2020,Q1,1,January,4,Tuesday,False,2019,FQ4
20200122,2020-01-22,2020,Q1,1,January,4,Wednesday,False,2019,FQ4
20200123,2020-01-23,2020,Q1,1,January,4,Thursday,False,2019,FQ4
20200124,2020-01-24,2020,Q1,1,January,4,Friday,False,2019,FQ4
20200125,2020-01-25,2020,Q1,1,January,4,Saturday,True,2019,FQ4
20200126,2020-01-26,2020,Q1,1,January,4,Sunday,True,2019,FQ4
20200127,2020-01-27,2020,Q1,1,January,5,Monday,False,2019,FQ4
20200128,2020-01-28,2020,Q1,1,January,5,Tuesday,False,2019,FQ4
20200129,2020-01-29,2020,Q1,1,January,5,Wednesday,False,2019,FQ4
20200130,2020-01-30,2020,Q1,1,January,5,Thursday,False,2019,FQ4
20200131,2020-01-31,2020,Q1,1,January,5,Friday,False,2019,FQ4
20200201,2020-02-01,2020,Q1,2,February,5,Saturday,True,2019,FQ4
20200202,2020-02-02,2020,Q1,2,February,5,Sunday,True,2019,FQ4
20200203,2020-02-03,2020,Q1,2,February,6,Monday,False,2019,FQ4
20200204,2020-02-04,2020,Q1,2,February,6,Tuesday,False,2019,FQ4
20200205,2020-02-05,2020,Q1,2,February,6,Wednesday,False,2019,FQ4
20200206,2020-02-06,2020,Q1,2,February,6,Thursday,False,2019,FQ4
20200207,2020-02-07,2020,Q1,2,February,6,Friday,False,2019,FQ4
20200208,2020-02-08,2020,Q1,2,February,6,Saturday,True,2019,FQ4
20200209,2020-02-09,2020,Q1,2,February,6,Sunday,True,2019,FQ4
20200210,2020-02-10,2020,Q1,2,February,7,Monday,False,2019,FQ4
20200211,2020-02-11,2020,Q1,2,February,7,Tuesday,False,2019,FQ4
20200212,2020-02-12,2020,Q1,2,February,7,Wednesday,False,2019,FQ4
20200213,2020-02-13,2020,Q1,2,February,7,Thursday,False,2019,FQ4
20200214,2020-02-14,2020,Q1,2,February,7,Friday,False,2019,FQ4
20200215,2020-02-15,2020,Q1,2,February,7,Saturday,True,2019,FQ4
20200216,2020-02-16,2020,Q1,2,February,7,Sunday,True,2019,FQ4
20200217,2020-02-17,2020,Q1,2,February,8,Monday,False,2019,FQ4
20200218,2020-02-18,2020,Q1,2,February,8,Tuesday,False,2019,FQ4
20200219,2020-02-19,2020,Q1,2,February,8,Wednesday,False,2019,FQ4
20200220,2020-02-20,2020,Q1,2,February,8,Thursday,False,2019,FQ4
20200221,2020-02-21,2020,Q1,2,February,8,Friday,False,2019,FQ4
20200222,2020-02-22,2020,Q1,2,February,8,Saturday,True,2019,FQ4
20200223,2020-02-23,2020,Q1,2,February,8,Sunday,True,2019,FQ4
20200224,2020-02-24,2020,Q1,2,February,9,Monday,False,2019,FQ4
20200225,2020-02-25,2020,Q1,2,February,9,Tuesday,False,2019,FQ4
20200226,2020-02-26,2020,Q1,2,February,9,Wednesday,False,2019,FQ4
20200227,2020-02-27,2020,Q1,2,February,9,Thursday,False,2019,FQ4
20200228,2020-02-28,2020,Q1,2,February,9,Friday,False,2019,FQ4
20200229,2020-02-29,2020,Q1,2,February,9,Saturday,True,2019,FQ4
20200301,2020-03-01,2020,Q1,3,March,9,Sunday,True,2019,FQ4
20200302,2020-03-02,2020,Q1,3,March,10,Monday,False,2019,FQ4
20200303,2020-03-03,2020,Q1,3,March,10,Tuesday,False,2019,FQ4
20200304,2020-03-04,2020,Q1,3,March,10,Wednesday,False,2019,FQ4
20200305,2020-03-05,2020,Q1,3,March,10,Thursday,False,2019,FQ4
20200306,2020-03-06,2020,Q1,3,March,10,Friday,False,2019,FQ4
20200307,2020-03-07,2020,Q1,3,March,10,Saturday,True,2019,FQ4
20200308,2020-03-08,2020,Q1,3,March,10,Sunday,True,2019,FQ4
20200309,2020-03-09,2020,Q1,3,March,11,Monday,False,2019,FQ4
20200310,2020-03-10,2020,Q1,3,March,11,Tuesday,False,2019,FQ4
20200311,2020-03-11,2020,Q1,3,March,11,Wednesday,False,2019,FQ4
20200312,2020-03-12,2020,Q1,3,March,11,Thursday,False,2019,FQ4
20200313,2020-03-13,2020,Q1,3,March,11,Friday,False,2019,FQ4
20200314,2020-03-14,2020,Q1,3,March,11,Saturday,True,2019,FQ4
20200315,2020-03-15,2020,Q1,3,March,11,Sunday,True,2019,FQ4
20200316,2020-03-16,2020,Q1,3,March,12,Monday,False,2019,FQ4
20200317,2020-03-17,2020,Q1,3,March,12,Tuesday,False,2019,FQ4
20200318,2020-03-18,2020,Q1,3,March,12,Wednesday,False,2019,FQ4
20200319,2020-03-19,2020,Q1,3,March,12,Thursday,False,2019,FQ4
20200320,2020-03-20,2020,Q1,3,March,12,Friday,False,2019,FQ4
20200321,2020-03-21,2020,Q1,3,March,12,Saturday,True,2019,FQ4
20200322,2020-03-22,2020,Q1,3,March,12,Sunday,True,2019,FQ4
20200323,2020-03-23,2020,Q1,3,March,13,Monday,False,2019,FQ4
20200324,2020-03-24,2020,Q1,3,March,13,Tuesday,False,2019,FQ4
20200325,2020-03-25,2020,Q1,3,March,13,Wednesday,False,2019,FQ4
20200326,2020-03-26,2020,Q1,3,March,13,Thursday,False,2019,FQ4
20200327,2020-03-27,2020,Q1,3,March,13,Friday,False,2019,FQ4
20200328,2020-03-28,2020,Q1,3,March,13,Saturday,True,2019,FQ4
20200329,2020-03-29,2020,Q1,3,March,13,Sunday,True,2019,FQ4
20200330,2020-03-30,2020,Q1,3,March,14,Monday,False,2019,FQ4
20200331,2020-03-31,2020,Q1,3,March,14,Tuesday,False,2019,FQ4
20200401,2020-04-01,2020,Q2,4,April,14,Wednesday,False,2020,FQ1
20200402,2020-04-02,2020,Q2,4,April,14,Thursday,False,2020,FQ1
20200403,2020-04-03,2020,Q2,4,April,14,Friday,False,2020,FQ1
20200404,2020-04-04,2020,Q2,4,April,14,Saturday,True,2020,FQ1
20200405,2020-04-05,2020,Q2,4,April,14,Sunday,True,2020,FQ1
20200406,2020-04-06,2020,Q2,4,April,15,Monday,False,2020,FQ1
20200407,2020-04-07,2020,Q2,4,April,15,Tuesday,False,2020,FQ1
20200408,2020-04-08,2020,Q2,4,April,15,Wednesday,False,2020,FQ1
20200409,2020-04-09,2020,Q2,4,April,15,Thursday,False,2020,FQ1
20200410,2020-04-10,2020,Q2,4,April,15,Friday,False,2020,FQ1
20200411,2020-04-11,2020,Q2,4,April,15,Saturday,True,2020,FQ1
20200412,2020-04-12,2020,Q2,4,April,15,Sunday,True,2020,FQ1
20200413,2020-04-13,2020,Q2,4,April,16,Monday,False,2020,FQ1
20200414,2020-04-14,2020,Q2,4,April,16,Tuesday,False,2020,FQ1
20200415,2020-04-15,2020,Q2,4,April,16,Wednesday,False,2020,FQ1
20200416,2020-04-16,2020,Q2,4,April,16,Thursday,False,2020,FQ1
20200417,2020-04-17,2020,Q2,4,April,16,Friday,False,2020,FQ1
20200418,2020-04-18,2020,Q2,4,April,16,Saturday,True,2020,FQ1
20200419,2020-04-19,2020,Q2,4,April,16,Sunday,True,2020,FQ1
20200420,2020-04-20,2020,Q2,4,April,17,Monday,False,2020,FQ1
20200421,2020-04-21,2020,Q2,4,April,17,Tuesday,False,2020,FQ1
20200422,2020-04-22,2020,Q2,4,April,17,Wednesday,False,2020,FQ1
20200423,2020-04-23,2020,Q2,4,April,17,Thursday,False,2020,FQ1
20200424,2020-04-24,2020,Q2,4,April,17,Friday,False,2020,FQ1
20200425,2020-04-25,2020,Q2,4,April,17,Saturday,True,2020,FQ1
20200426,2020-04-26,2020,Q2,4,April,17,Sunday,True,2020,FQ1
20200427,2020-04-27,2020,Q2,4,April,18,Monday,False,2020,FQ1
20200428,2020-04-28,2020,Q2,4,April,18,Tuesday,False,2020,FQ1
20200429,2020-04-29,2020,Q2,4,April,18,Wednesday,False,2020,FQ1
20200430,2020-04-30,2020,Q2,4,April,18,Thursday,False,2020,FQ1
20200501,2020-05-01,2020,Q2,5,May,18,Friday,False,2020,FQ1
20200502,2020-05-02,2020,Q2,5,May,18,Saturday,True,2020,FQ1
20200503,2020-05-03,2020,Q2,5,May,18,Sunday,True,2020,FQ1
20200504,2020-05-04,2020,Q2,5,May,19,Monday,False,2020,FQ1
20200505,2020-05-05,2020,Q2,5,May,19,Tuesday,False,2020,FQ1
20200506,2020-05-06,2020,Q2,5,May,19,Wednesday,False,2020,FQ1
20200507,2020-05-07,2020,Q2,5,May,19,Thursday,False,2020,FQ1
20200508,2020-05-08,2020,Q2,5,May,19,Friday,False,2020,FQ1
20200509,2020-05-09,2020,Q2,5,May,19,Saturday,True,2020,FQ1
20200510,2020-05-10,2020,Q2,5,May,19,Sunday,True,2020,FQ1
20200511,2020-05-11,2020,Q2,5,May,20,Monday,False,2020,FQ1
20200512,2020-05-12,2020,Q2,5,May,20,Tuesday,False,2020,FQ1
20200513,2020-05-13,2020,Q2,5,May,20,Wednesday,False,2020,FQ1
20200514,2020-05-14,2020,Q2,5,May,20,Thursday,False,2020,FQ1
20200515,2020-05-15,2020,Q2,5,May,20,Friday,False,2020,FQ1
20200516,2020-05-16,2020,Q2,5,May,20,Saturday,True,2020,FQ1
20200517,2020-05-17,2020,Q2,5,May,20,Sunday,True,2020,FQ1
20200518,2020-05-18,2020,Q2,5,May,21,Monday,False,2020,FQ1
20200519,2020-05-19,2020,Q2,5,May,21,Tuesday,False,2020,FQ1
20200520,2020-05-20,2020,Q2,5,May,21,Wednesday,False,2020,FQ1
20200521,2020-05-21,2020,Q2,5,May,21,Thursday,False,2020,FQ1
20200522,2020-05-22,2020,Q2,5,May,21,Friday,False,2020,FQ1
20200523,2020-05-23,2020,Q2,5,May,21,Saturday,True,2020,FQ1
20200524,2020-05-24,2020,Q2,5,May,21,Sunday,True,2020,FQ1
20200525,2020-05-25,2020,Q2,5,May,22,Monday,False,2020,FQ1
20200526,2020-05-26,2020,Q2,5,May,22,Tuesday,False,2020,FQ1
20200527,2020-05-27,2020,Q2,5,May,22,Wednesday,False,2020,FQ1
20200528,2020-05-28,2020,Q2,5,May,22,Thursday,False,2020,FQ1
20200529,2020-05-29,2020,Q2,5,May,22,Friday,False,2020,FQ1
20200530,2020-05-30,2020,Q2,5,May,22,Saturday,True,2020,FQ1
20200531,2020-05-31,2020,Q2,5,May,22,Sunday,True,2020,FQ1
20200601,2020-06-01,2020,Q2,6,June,23,Monday,False,2020,FQ1
20200602,2020-06-02,2020,Q2,6,June,23,Tuesday,False,2020,FQ1
20200603,2020-06-03,2020,Q2,6,June,23,Wednesday,False,2020,FQ1
20200604,2020-06-04,2020,Q2,6,June,23,Thursday,False,2020,FQ1
20200605,2020-06-05,2020,Q2,6,June,23,Friday,False,2020,FQ1
20200606,2020-06-06,2020,Q2,6,June,23,Saturday,True,2020,FQ1
20200607,2020-06-07,2020,Q2,6,June,23,Sunday,True,2020,FQ1
20200608,2020-06-08,2020,Q2,6,June,24,Monday,False,2020,FQ1
20200609,2020-06-09,2020,Q2,6,June,24,Tuesday,False,2020,FQ1
20200610,2020-06-10,2020,Q2,6,June,24,Wednesday,False,2020,FQ1
20200611,2020-06-11,2020,Q2,6,June,24,Thursday,False,2020,FQ1
20200612,2020-06-12,2020,Q2,6,June,24,Friday,False,2020,FQ1
20200613,2020-06-13,2020,Q2,6,June,24,Saturday,True,2020,FQ1
20200614,2020-06-14,2020,Q2,6,June,24,Sunday,True,2020,FQ1
20200615,2020-06-15,2020,Q2,6,June,25,Monday,False,2020,FQ1
20200616,2020-06-16,2020,Q2,6,June,25,Tuesday,False,2020,FQ1
20200617,2020-06-17,2020,Q2,6,June,25,Wednesday,False,2020,FQ1
20200618,2020-06-18,2020,Q2,6,June,25,Thursday,False,2020,FQ1
20200619,2020-06-19,2020,Q2,6,June,25,Friday,False,2020,FQ1
20200620,2020-06-20,2020,Q2,6,June,25,Saturday,True,2020,FQ1
20200621,2020-06-21,2020,Q2,6,June,25,Sunday,True,2020,FQ1
20200622,2020-06-22,2020,Q2,6,June,26,Monday,False,2020,FQ1
20200623,2020-06-23,2020,Q2,6,June,26,Tuesday,False,2020,FQ1
20200624,2020-06-24,2020,Q2,6,June,26,Wednesday,False,2020,FQ1
20200625,2020-06-25,2020,Q2,6,June,26,Thursday,False,2020,FQ1
20200626,2020-06-26,2020,Q2,6,June,26,Friday,False,2020,FQ1
20200627,2020-06-27,2020,Q2,6,June,26,Saturday,True,2020,FQ1
20200628,2020-06-28,2020,Q2,6,June,26,Sunday,True,2020,FQ1
20200629,2020-06-29,2020,Q2,6,June,27,Monday,False,2020,FQ1
20200630,2020-06-30,2020,Q2,6,June,27,Tuesday,False,2020,FQ1
20200701,2020-07-01,2020,Q3,7,July,27,Wednesday,False,2020,FQ2
20200702,2020-07-02,2020,Q3,7,July,27,Thursday,False,2020,FQ2
20200703,2020-07-03,2020,Q3,7,July,27,Friday,False,2020,FQ2
20200704,2020-07-04,2020,Q3,7,July,27,Saturday,True,2020,FQ2
20200705,2020-07-05,2020,Q3,7,July,27,Sunday,True,2020,FQ2
20200706,2020-07-06,2020,Q3,7,July,28,Monday,False,2020,FQ2
20200707,2020-07-07,2020,Q3,7,July,28,Tuesday,False,2020,FQ2
20200708,2020-07-08,2020,Q3,7,July,28,Wednesday,False,2020,FQ2
20200709,2020-07-09,2020,Q3,7,July,28,Thursday,False,2020,FQ2
20200710,2020-07-10,2020,Q3,7,July,28,Friday,False,2020,FQ2
20200711,2020-07-11,2020,Q3,7,July,28,Saturday,True,2020,FQ2
20200712,2020-07-12,2020,Q3,7,July,28,Sunday,True,2020,FQ2
20200713,2020-07-13,2020,Q3,7,July,29,Monday,False,2020,FQ2
20200714,2020-07-14,2020,Q3,7,July,29,Tuesday,False,2020,FQ2
20200715,2020-07-15,2020,Q3,7,July,29,Wednesday,False,2020,FQ2
20200716,2020-07-16,2020,Q3,7,July,29,Thursday,False,2020,FQ2
20200717,2020-07-17,2020,Q3,7,July,29,Friday,False,2020,FQ2
20200718,2020-07-18,2020,Q3,7,July,29,Saturday,True,2020,FQ2
20200719,2020-07-19,2020,Q3,7,July,29,Sunday,True,2020,FQ2
20200720,2020-07-20,2020,Q3,7,July,30,Monday,False,2020,FQ2
20200721,2020-07-21,2020,Q3,7,July,30,Tuesday,False,2020,FQ2
20200722,2020-07-22,2020,Q3,7,July,30,Wednesday,False,2020,FQ2
20200723,2020-07-23,2020,Q3,7,July,30,Thursday,False,2020,FQ2
20200724,2020-07-24,2020,Q3,7,July,30,Friday,False,2020,FQ2
20200725,2020-07-25,2020,Q3,7,July,30,Saturday,True,2020,FQ2
20200726,2020-07-26,2020,Q3,7,July,30,Sunday,True,2020,FQ2
20200727,2020-07-27,2020,Q3,7,July,31,Monday,False,2020,FQ2
20200728,2020-07-28,2020,Q3,7,July,31,Tuesday,False,2020,FQ2
20200729,2020-07-29,2020,Q3,7,July,31,Wednesday,False,2020,FQ2
20200730,2020-07-30,2020,Q3,7,July,31,Thursday,False,2020,FQ2
20200731,2020-07-31,2020,Q3,7,July,31,Friday,False,2020,FQ2
20200801,2020-08-01,2020,Q3,8,August,31,Saturday,True,2020,FQ2
20200802,2020-08-02,2020,Q3,8,August,31,Sunday,True,2020,FQ2
20200803,2020-08-03,2020,Q3,8,August,32,Monday,False,2020,FQ2
20200804,2020-08-04,2020,Q3,8,August,32,Tuesday,False,2020,FQ2
20200805,2020-08-05,2020,Q3,8,August,32,Wednesday,False,2020,FQ2
20200806,2020-08-06,2020,Q3,8,August,32,Thursday,False,2020,FQ2
20200807,2020-08-07,2020,Q3,8,August,32,Friday,False,2020,FQ2
20200808,2020-08-08,2020,Q3,8,August,32,Saturday,True,2020,FQ2
20200809,2020-08-09,2020,Q3,8,August,32,Sunday,True,2020,FQ2
20200810,2020-08-10,2020,Q3,8,August,33,Monday,False,2020,FQ2
20200811,2020-08-11,2020,Q3,8,August,33,Tuesday,False,2020,FQ2
20200812,2020-08-12,2020,Q3,8,August,33,Wednesday,False,2020,FQ2
20200813,2020-08-13,2020,Q3,8,August,33,Thursday,False,2020,FQ2
20200814,2020-08-14,2020,Q3,8,August,33,Friday,False,2020,FQ2
20200815,2020-08-15,2020,Q3,8,August,33,Saturday,True,2020,FQ2
20200816,2020-08-16,2020,Q3,8,August,33,Sunday,True,2020,FQ2
20200817,2020-08-17,2020,Q3,8,August,34,Monday,False,2020,FQ2
20200818,2020-08-18,2020,Q3,8,August,34,Tuesday,False,2020,FQ2
20200819,2020-08-19,2020,Q3,8,August,34,Wednesday,False,2020,FQ2
20200820,2020-08-20,2020,Q3,8,August,34,Thursday,False,2020,FQ2
20200821,2020-08-21,2020,Q3,8,August,34,Friday,False,2020,FQ2
20200822,2020-08-22,2020,Q3,8,August,34,Saturday,True,2020,FQ2
20200823,2020-08-23,2020,Q3,8,August,34,Sunday,True,2020,FQ2
20200824,2020-08-24,2020,Q3,8,August,35,Monday,False,2020,FQ2
20200825,2020-08-25,2020,Q3,8,August,35,Tuesday,False,2020,FQ2
20200826,2020-08-26,2020,Q3,8,August,35,Wednesday,False,2020,FQ2
20200827,2020-08-27,2020,Q3,8,August,35,Thursday,False,2020,FQ2
20200828,2020-08-28,2020,Q3,8,August,35,Friday,False,2020,FQ2
20200829,2020-08-29,2020,Q3,8,August,35,Saturday,True,2020,FQ2
20200830,2020-08-30,2020,Q3,8,August,35,Sunday,True,2020,FQ2
20200831,2020-08-31,2020,Q3,8,August,36,Monday,False,2020,FQ2
20200901,2020-09-01,2020,Q3,9,September,36,Tuesday,False,2020,FQ2
20200902,2020-09-02,2020,Q3,9,September,36,Wednesday,False,2020,FQ2
20200903,2020-09-03,2020,Q3,9,September,36,Thursday,False,2020,FQ2
20200904,2020-09-04,2020,Q3,9,September,36,Friday,False,2020,FQ2
20200905,2020-09-05,2020,Q3,9,September,36,Saturday,True,2020,FQ2
20200906,2020-09-06,2020,Q3,9,September,36,Sunday,True,2020,FQ2
20200907,2020-09-07,2020,Q3,9,September,37,Monday,False,2020,FQ2
20200908,2020-09-08,2020,Q3,9,September,37,Tuesday,False,2020,FQ2
20200909,2020-09-09,2020,Q3,9,September,37,Wednesday,False,2020,FQ2
20200910,2020-09-10,2020,Q3,9,September,37,Thursday,False,2020,FQ2
20200911,2020-09-11,2020,Q3,9,September,37,Friday,False,2020,FQ2
20200912,2020-09-12,2020,Q3,9,September,37,Saturday,True,2020,FQ2
20200913,2020-09-13,2020,Q3,9,September,37,Sunday,True,2020,FQ2
20200914,2020-09-14,2020,Q3,9,September,38,Monday,False,2020,FQ2
20200915,2020-09-15,2020,Q3,9,September,38,Tuesday,False,2020,FQ2
20200916,2020-09-16,2020,Q3,9,September,38,Wednesday,False,2020,FQ2
20200917,2020-09-17,2020,Q3,9,September,38,Thursday,False,2020,FQ2
20200918,2020-09-18,2020,Q3,9,September,38,Friday,False,2020,FQ2
20200919,2020-09-19,2020,Q3,9,September,38,Saturday,True,2020,FQ2
20200920,2020-09-20,2020,Q3,9,September,38,Sunday,True,2020,FQ2
20200921,2020-09-21,2020,Q3,9,September,39,Monday,False,2020,FQ2
20200922,2020-09-22,2020,Q3,9,September,39,Tuesday,False,2020,FQ2
20200923,2020-09-23,2020,Q3,9,September,39,Wednesday,False,2020,FQ2
20200924,2020-09-24,2020,Q3,9,September,39,Thursday,False,2020,FQ2
20200925,2020-09-25,2020,Q3,9,September,39,Friday,False,2020,FQ2
20200926,2020-09-26,2020,Q3,9,September,39,Saturday,True,2020,FQ2
20200927,2020-09-27,2020,Q3,9,September,39,Sunday,True,2020,FQ2
20200928,2020-09-28,2020,Q3,9,September,40,Monday,False,2020,FQ2
20200929,2020-09-29,2020,Q3,9,September,40,Tuesday,False,2020,FQ2
20200930,2020-09-30,2020,Q3,9,September,40,Wednesday,False,2020,FQ2
20201001,2020-10-01,2020,Q4,10,October,40,Thursday,False,2020,FQ3
20201002,2020-10-02,2020,Q4,10,October,40,Friday,False,2020,FQ3
20201003,2020-10-03,2020,Q4,10,October,40,Saturday,True,2020,FQ3
20201004,2020-10-04,2020,Q4,10,October,40,Sunday,True,2020,FQ3
20201005,2020-10-05,2020,Q4,10,October,41,Monday,False,2020,FQ3
20201006,2020-10-06,2020,Q4,10,October,41,Tuesday,False,2020,FQ3
20201007,2020-10-07,2020,Q4,10,October,41,Wednesday,False,2020,FQ3
20201008,2020-10-08,2020,Q4,10,October,41,Thursday,False,2020,FQ3
20201009,2020-10-09,2020,Q4,10,October,41,Friday,False,2020,FQ3
20201010,2020-10-10,2020,Q4,10,October,41,Saturday,True,2020,FQ3
20201011,2020-10-11,2020,Q4,10,October,41,Sunday,True,2020,FQ3
20201012,2020-10-12,2020,Q4,10,October,42,Monday,False,2020,FQ3
20201013,2020-10-13,2020,Q4,10,October,42,Tuesday,False,2020,FQ3
20201014,2020-10-14,2020,Q4,10,October,42,Wednesday,False,2020,FQ3
20201015,2020-10-15,2020,Q4,10,October,42,Thursday,False,2020,FQ3
20201016,2020-10-16,2020,Q4,10,October,42,Friday,False,2020,FQ3
20201017,2020-10-17,2020,Q4,10,October,42,Saturday,True,2020,FQ3
20201018,2020-10-18,2020,Q4,10,October,42,Sunday,True,2020,FQ3
20201019,2020-10-19,2020,Q4,10,October,43,Monday,False,2020,FQ3
20201020,2020-10-20,2020,Q4,10,October,43,Tuesday,False,2020,FQ3
20201021,2020-10-21,2020,Q4,10,October,43,Wednesday,False,2020,FQ3
20201022,2020-10-22,2020,Q4,10,October,43,Thursday,False,2020,FQ3
20201023,2020-10-23,2020,Q4,10,October,43,Friday,False,2020,FQ3
20201024,2020-10-24,2020,Q4,10,October,43,Saturday,True,2020,FQ3
20201025,2020-10-25,2020,Q4,10,October,43,Sunday,True,2020,FQ3
20201026,2020-10-26,2020,Q4,10,October,44,Monday,False,2020,FQ3
20201027,2020-10-27,2020,Q4,10,October,44,Tuesday,False,2020,FQ3
20201028,2020-10-28,2020,Q4,10,October,44,Wednesday,False,2020,FQ3
20201029,2020-10-29,2020,Q4,10,October,44,Thursday,False,2020,FQ3
20201030,2020-10-30,2020,Q4,10,October,44,Friday,False,2020,FQ3
20201031,2020-10-31,2020,Q4,10,October,44,Saturday,True,2020,FQ3
20201101,2020-11-01,2020,Q4,11,November,44,Sunday,True,2020,FQ3
20201102,2020-11-02,2020,Q4,11,November,45,Monday,False,2020,FQ3
20201103,2020-11-03,2020,Q4,11,November,45,Tuesday,False,2020,FQ3
20201104,2020-11-04,2020,Q4,11,November,45,Wednesday,False,2020,FQ3
20201105,2020-11-05,2020,Q4,11,November,45,Thursday,False,2020,FQ3
20201106,2020-11-06,2020,Q4,11,November,45,Friday,False,2020,FQ3
20201107,2020-11-07,2020,Q4,11,November,45,Saturday,True,2020,FQ3
20201108,2020-11-08,2020,Q4,11,November,45,Sunday,True,2020,FQ3
20201109,2020-11-09,2020,Q4,11,November,46,Monday,False,2020,FQ3
20201110,2020-11-10,2020,Q4,11,November,46,Tuesday,False,2020,FQ3
20201111,2020-11-11,2020,Q4,11,November,46,Wednesday,False,2020,FQ3
20201112,2020-11-12,2020,Q4,11,November,46,Thursday,False,2020,FQ3
20201113,2020-11-13,2020,Q4,11,November,46,Friday,False,2020,FQ3
20201114,2020-11-14,2020,Q4,11,November,46,Saturday,True,2020,FQ3
20201115,2020-11-15,2020,Q4,11,November,46,Sunday,True,2020,FQ3
20201116,2020-11-16,2020,Q4,11,November,47,Monday,False,2020,FQ3
20201117,2020-11-17,2020,Q4,11,November,47,Tuesday,False,2020,FQ3
20201118,2020-11-18,2020,Q4,11,November,47,Wednesday,False,2020,FQ3
20201119,2020-11-19,2020,Q4,11,November,47,Thursday,False,2020,FQ3
20201120,2020-11-20,2020,Q4,11,November,47,Friday,False,2020,FQ3
20201121,2020-11-21,2020,Q4,11,November,47,Saturday,True,2020,FQ3
20201122,2020-11-22,2020,Q4,11,November,47,Sunday,True,2020,FQ3
20201123,2020-11-23,2020,Q4,11,November,48,Monday,False,2020,FQ3
20201124,2020-11-24,2020,Q4,11,November,48,Tuesday,False,2020,FQ3
20201125,2020-11-25,2020,Q4,11,November,48,Wednesday,False,2020,FQ3
20201126,2020-11-26,2020,Q4,11,November,48,Thursday,False,2020,FQ3
20201127,2020-11-27,2020,Q4,11,November,48,Friday,False,2020,FQ3
20201128,2020-11-28,2020,Q4,11,November,48,Saturday,True,2020,FQ3
20201129,2020-11-29,2020,Q4,11,November,48,Sunday,True,2020,FQ3
20201130,2020-11-30,2020,Q4,11,November,49,Monday,False,2020,FQ3
20201201,2020-12-01,2020,Q4,12,December,49,Tuesday,False,2020,FQ3
20201202,2020-12-02,2020,Q4,12,December,49,Wednesday,False,2020,FQ3
20201203,2020-12-03,2020,Q4,12,December,49,Thursday,False,2020,FQ3
20201204,2020-12-04,2020,Q4,12,December,49,Friday,False,2020,FQ3
20201205,2020-12-05,2020,Q4,12,December,49,Saturday,True,2020,FQ3
20201206,2020-12-06,2020,Q4,12,December,49,Sunday,True,2020,FQ3
20201207,2020-12-07,2020,Q4,12,December,50,Monday,False,2020,FQ3
20201208,2020-12-08,2020,Q4,12,December,50,Tuesday,False,2020,FQ3
20201209,2020-12-09,2020,Q4,12,December,50,Wednesday,False,2020,FQ3
20201210,2020-12-10,2020,Q4,12,December,50,Thursday,False,2020,FQ3
20201211,2020-12-11,2020,Q4,12,December,50,Friday,False,2020,FQ3
20201212,2020-12-12,2020,Q4,12,December,50,Saturday,True,2020,FQ3
20201213,2020-12-13,2020,Q4,12,December,50,Sunday,True,2020,FQ3
20201214,2020-12-14,2020,Q4,12,December,51,Monday,False,2020,FQ3
20201215,2020-12-15,2020,Q4,12,December,51,Tuesday,False,2020,FQ3
20201216,2020-12-16,2020,Q4,12,December,51,Wednesday,False,2020,FQ3
20201217,2020-12-17,2020,Q4,12,December,51,Thursday,False,2020,FQ3
20201218,2020-12-18,2020,Q4,12,December,51,Friday,False,2020,FQ3
20201219,2020-12-19,2020,Q4,12,December,51,Saturday,True,2020,FQ3
20201220,2020-12-20,2020,Q4,12,December,51,Sunday,True,2020,FQ3
20201221,2020-12-21,2020,Q4,12,December,52,Monday,False,2020,FQ3
20201222,2020-12-22,2020,Q4,12,December,52,Tuesday,False,2020,FQ3
20201223,2020-12-23,2020,Q4,12,December,52,Wednesday,False,2020,FQ3
20201224,2020-12-24,2020,Q4,12,December,52,Thursday,False,2020,FQ3
20201225,2020-12-25,2020,Q4,12,December,52,Friday,False,2020,FQ3
20201226,2020-12-26,2020,Q4,12,December,52,Saturday,True,2020,FQ3
20201227,2020-12-27,2020,Q4,12,December,52,Sunday,True,2020,FQ3
20201228,2020-12-28,2020,Q4,12,December,53,Monday,False,2020,FQ3
20201229,2020-12-29,2020,Q4,12,December,53,Tuesday,False,2020,FQ3
20201230,2020-12-30,2020,Q4,12,December,53,Wednesday,False,2020,FQ3
20201231,2020-12-31,2020,Q4,12,December,53,Thursday,False,2020,FQ3
20210101,2021-01-01,2021,Q1,1,January,53,Friday,False,2020,FQ4
20210102,2021-01-02,2021,Q1,1,January,53,Saturday,True,2020,FQ4
20210103,2021-01-03,2021,Q1,1,January,53,Sunday,True,2020,FQ4
20210104,2021-01-04,2021,Q1,1,January,1,Monday,False,2020,FQ4
20210105,2021-01-05,2021,Q1,1,January,1,Tuesday,False,2020,FQ4
20210106,2021-01-06,2021,Q1,1,January,1,Wednesday,False,2020,FQ4
20210107,2021-01-07,2021,Q1,1,January,1,Thursday,False,2020,FQ4
20210108,2021-01-08,2021,Q1,1,January,1,Friday,False,2020,FQ4
20210109,2021-01-09,2021,Q1,1,January,1,Saturday,True,2020,FQ4
20210110,2021-01-10,2021,Q1,1,January,1,Sunday,True,2020,FQ4
20210111,2021-01-11,2021,Q1,1,January,2,Monday,False,2020,FQ4
20210112,2021-01-12,2021,Q1,1,January,2,Tuesday,False,2020,FQ4
20210113,2021-01-13,2021,Q1,1,January,2,Wednesday,False,2020,FQ4
20210114,2021-01-14,2021,Q1,1,January,2,Thursday,False,2020,FQ4
20210115,2021-01-15,2021,Q1,1,January,2,Friday,False,2020,FQ4
20210116,2021-01-16,2021,Q1,1,January,2,Saturday,True,2020,FQ4
20210117,2021-01-17,2021,Q1,1,January,2,Sunday,True,2020,FQ4
20210118,2021-01-18,2021,Q1,1,January,3,Monday,False,2020,FQ4
20210119,2021-01-19,2021,Q1,1,January,3,Tuesday,False,2020,FQ4
20210120,2021-01-20,2021,Q1,1,January,3,Wednesday,False,2020,FQ4
20210121,2021-01-21,2021,Q1,1,January,3,Thursday,False,2020,FQ4
20210122,2021-01-22,2021,Q1,1,January,3,Friday,False,2020,FQ4
20210123,2021-01-23,2021,Q1,1,January,3,Saturday,True,2020,FQ4
20210124,2021-01-24,2021,Q1,1,January,3,Sunday,True,2020,FQ4
20210125,2021-01-25,2021,Q1,1,January,4,Monday,False,2020,FQ4
20210126,2021-01-26,2021,Q1,1,January,4,Tuesday,False,2020,FQ4
20210127,2021-01-27,2021,Q1,1,January,4,Wednesday,False,2020,FQ4
20210128,2021-01-28,2021,Q1,1,January,4,Thursday,False,2020,FQ4
20210129,2021-01-29,2021,Q1,1,January,4,Friday,False,2020,FQ4
20210130,2021-01-30,2021,Q1,1,January,4,Saturday,True,2020,FQ4
20210131,2021-01-31,2021,Q1,1,January,4,Sunday,True,2020,FQ4
20210201,2021-02-01,2021,Q1,2,February,5,Monday,False,2020,FQ4
20210202,2021-02-02,2021,Q1,2,February,5,Tuesday,False,2020,FQ4
20210203,2021-02-03,2021,Q1,2,February,5,Wednesday,False,2020,FQ4
20210204,2021-02-04,2021,Q1,2,February,5,Thursday,False,2020,FQ4
20210205,2021-02-05,2021,Q1,2,February,5,Friday,False,2020,FQ4
20210206,2021-02-06,2021,Q1,2,February,5,Saturday,True,2020,FQ4
20210207,2021-02-07,2021,Q1,2,February,5,Sunday,True,2020,FQ4
20210208,2021-02-08,2021,Q1,2,February,6,Monday,False,2020,FQ4
20210209,2021-02-09,2021,Q1,2,February,6,Tuesday,False,2020,FQ4
20210210,2021-02-10,2021,Q1,2,February,6,Wednesday,False,2020,FQ4
20210211,2021-02-11,2021,Q1,2,February,6,Thursday,False,2020,FQ4
20210212,2021-02-12,2021,Q1,2,February,6,Friday,False,2020,FQ4
20210213,2021-02-13,2021,Q1,2,February,6,Saturday,True,2020,FQ4
20210214,2021-02-14,2021,Q1,2,February,6,Sunday,True,2020,FQ4
20210215,2021-02-15,2021,Q1,2,February,7,Monday,False,2020,FQ4
20210216,2021-02-16,2021,Q1,2,February,7,Tuesday,False,2020,FQ4
20210217,2021-02-17,2021,Q1,2,February,7,Wednesday,False,2020,FQ4
20210218,2021-02-18,2021,Q1,2,February,7,Thursday,False,2020,FQ4
20210219,2021-02-19,2021,Q1,2,February,7,Friday,False,2020,FQ4
20210220,2021-02-20,2021,Q1,2,February,7,Saturday,True,2020,FQ4
20210221,2021-02-21,2021,Q1,2,February,7,Sunday,True,2020,FQ4
20210222,2021-02-22,2021,Q1,2,February,8,Monday,False,2020,FQ4
20210223,2021-02-23,2021,Q1,2,February,8,Tuesday,False,2020,FQ4
20210224,2021-02-24,2021,Q1,2,February,8,Wednesday,False,2020,FQ4
20210225,2021-02-25,2021,Q1,2,February,8,Thursday,False,2020,FQ4
20210226,2021-02-26,2021,Q1,2,February,8,Friday,False,2020,FQ4
20210227,2021-02-27,2021,Q1,2,February,8,Saturday,True,2020,FQ4
20210228,2021-02-28,2021,Q1,2,February,8,Sunday,True,2020,FQ4
20210301,2021-03-01,2021,Q1,3,March,9,Monday,False,2020,FQ4
20210302,2021-03-02,2021,Q1,3,March,9,Tuesday,False,2020,FQ4
20210303,2021-03-03,2021,Q1,3,March,9,Wednesday,False,2020,FQ4
20210304,2021-03-04,2021,Q1,3,March,9,Thursday,False,2020,FQ4
20210305,2021-03-05,2021,Q1,3,March,9,Friday,False,2020,FQ4
20210306,2021-03-06,2021,Q1,3,March,9,Saturday,True,2020,FQ4
20210307,2021-03-07,2021,Q1,3,March,9,Sunday,True,2020,FQ4
20210308,2021-03-08,2021,Q1,3,March,10,Monday,False,2020,FQ4
20210309,2021-03-09,2021,Q1,3,March,10,Tuesday,False,2020,FQ4
20210310,2021-03-10,2021,Q1,3,March,10,Wednesday,False,2020,FQ4
20210311,2021-03-11,2021,Q1,3,March,10,Thursday,False,2020,FQ4
20210312,2021-03-12,2021,Q1,3,March,10,Friday,False,2020,FQ4
20210313,2021-03-13,2021,Q1,3,March,10,Saturday,True,2020,FQ4
20210314,2021-03-14,2021,Q1,3,March,10,Sunday,True,2020,FQ4
20210315,2021-03-15,2021,Q1,3,March,11,Monday,False,2020,FQ4
20210316,2021-03-16,2021,Q1,3,March,11,Tuesday,False,2020,FQ4
20210317,2021-03-17,2021,Q1,3,March,11,Wednesday,False,2020,FQ4
20210318,2021-03-18,2021,Q1,3,March,11,Thursday,False,2020,FQ4
20210319,2021-03-19,2021,Q1,3,March,11,Friday,False,2020,FQ4
20210320,2021-03-20,2021,Q1,3,March,11,Saturday,True,2020,FQ4
20210321,2021-03-21,2021,Q1,3,March,11,Sunday,True,2020,FQ4
20210322,2021-03-22,2021,Q1,3,March,12,Monday,False,2020,FQ4
20210323,2021-03-23,2021,Q1,3,March,12,Tuesday,False,2020,FQ4
20210324,2021-03-24,2021,Q1,3,March,12,Wednesday,False,2020,FQ4
20210325,2021-03-25,2021,Q1,3,March,12,Thursday,False,2020,FQ4
20210326,2021-03-26,2021,Q1,3,March,12,Friday,False,2020,FQ4
20210327,2021-03-27,2021,Q1,3,March,12,Saturday,True,2020,FQ4
20210328,2021-03-28,2021,Q1,3,March,12,Sunday,True,2020,FQ4
20210329,2021-03-29,2021,Q1,3,March,13,Monday,False,2020,FQ4
20210330,2021-03-30,2021,Q1,3,March,13,Tuesday,False,2020,FQ4
20210331,2021-03-31,2021,Q1,3,March,13,Wednesday,False,2020,FQ4
20210401,2021-04-01,2021,Q2,4,April,13,Thursday,False,2021,FQ1
20210402,2021-04-02,2021,Q2,4,April,13,Friday,False,2021,FQ1
20210403,2021-04-03,2021,Q2,4,April,13,Saturday,True,2021,FQ1
20210404,2021-04-04,2021,Q2,4,April,13,Sunday,True,2021,FQ1
20210405,2021-04-05,2021,Q2,4,April,14,Monday,False,2021,FQ1
20210406,2021-04-06,2021,Q2,4,April,14,Tuesday,False,2021,FQ1
20210407,2021-04-07,2021,Q2,4,April,14,Wednesday,False,2021,FQ1
20210408,2021-04-08,2021,Q2,4,April,14,Thursday,False,2021,FQ1
20210409,2021-04-09,2021,Q2,4,April,14,Friday,False,2021,FQ1
20210410,2021-04-10,2021,Q2,4,April,14,Saturday,True,2021,FQ1
20210411,2021-04-11,2021,Q2,4,April,14,Sunday,True,2021,FQ1
20210412,2021-04-12,2021,Q2,4,April,15,Monday,False,2021,FQ1
20210413,2021-04-13,2021,Q2,4,April,15,Tuesday,False,2021,FQ1
20210414,2021-04-14,2021,Q2,4,April,15,Wednesday,False,2021,FQ1
20210415,2021-04-15,2021,Q2,4,April,15,Thursday,False,2021,FQ1
20210416,2021-04-16,2021,Q2,4,April,15,Friday,False,2021,FQ1
20210417,2021-04-17,2021,Q2,4,April,15,Saturday,True,2021,FQ1
20210418,2021-04-18,2021,Q2,4,April,15,Sunday,True,2021,FQ1
20210419,2021-04-19,2021,Q2,4,April,16,Monday,False,2021,FQ1
20210420,2021-04-20,2021,Q2,4,April,16,Tuesday,False,2021,FQ1
20210421,2021-04-21,2021,Q2,4,April,16,Wednesday,False,2021,FQ1
20210422,2021-04-22,2021,Q2,4,April,16,Thursday,False,2021,FQ1
20210423,2021-04-23,2021,Q2,4,April,16,Friday,False,2021,FQ1
20210424,2021-04-24,2021,Q2,4,April,16,Saturday,True,2021,FQ1
20210425,2021-04-25,2021,Q2,4,April,16,Sunday,True,2021,FQ1
20210426,2021-04-26,2021,Q2,4,April,17,Monday,False,2021,FQ1
20210427,2021-04-27,2021,Q2,4,April,17,Tuesday,False,2021,FQ1
20210428,2021-04-28,2021,Q2,4,April,17,Wednesday,False,2021,FQ1
20210429,2021-04-29,2021,Q2,4,April,17,Thursday,False,2021,FQ1
20210430,2021-04-30,2021,Q2,4,April,17,Friday,False,2021,FQ1
20210501,2021-05-01,2021,Q2,5,May,17,Saturday,True,2021,FQ1
20210502,2021-05-02,2021,Q2,5,May,17,Sunday,True,2021,FQ1
20210503,2021-05-03,2021,Q2,5,May,18,Monday,False,2021,FQ1
20210504,2021-05-04,2021,Q2,5,May,18,Tuesday,False,2021,FQ1
20210505,2021-05-05,2021,Q2,5,May,18,Wednesday,False,2021,FQ1
20210506,2021-05-06,2021,Q2,5,May,18,Thursday,False,2021,FQ1
20210507,2021-05-07,2021,Q2,5,May,18,Friday,False,2021,FQ1
20210508,2021-05-08,2021,Q2,5,May,18,Saturday,True,2021,FQ1
20210509,2021-05-09,2021,Q2,5,May,18,Sunday,True,2021,FQ1
20210510,2021-05-10,2021,Q2,5,May,19,Monday,False,2021,FQ1
20210511,2021-05-11,2021,Q2,5,May,19,Tuesday,False,2021,FQ1
20210512,2021-05-12,2021,Q2,5,May,19,Wednesday,False,2021,FQ1
20210513,2021-05-13,2021,Q2,5,May,19,Thursday,False,2021,FQ1
20210514,2021-05-14,2021,Q2,5,May,19,Friday,False,2021,FQ1
20210515,2021-05-15,2021,Q2,5,May,19,Saturday,True,2021,FQ1
20210516,2021-05-16,2021,Q2,5,May,19,Sunday,True,2021,FQ1
20210517,2021-05-17,2021,Q2,5,May,20,Monday,False,2021,FQ1
20210518,2021-05-18,2021,Q2,5,May,20,Tuesday,False,2021,FQ1
20210519,2021-05-19,2021,Q2,5,May,20,Wednesday,False,2021,FQ1
20210520,2021-05-20,2021,Q2,5,May,20,Thursday,False,2021,FQ1
20210521,2021-05-21,2021,Q2,5,May,20,Friday,False,2021,FQ1
20210522,2021-05-22,2021,Q2,5,May,20,Saturday,True,2021,FQ1
20210523,2021-05-23,2021,Q2,5,May,20,Sunday,True,2021,FQ1
20210524,2021-05-24,2021,Q2,5,May,21,Monday,False,2021,FQ1
20210525,2021-05-25,2021,Q2,5,May,21,Tuesday,False,2021,FQ1
20210526,2021-05-26,2021,Q2,5,May,21,Wednesday,False,2021,FQ1
20210527,2021-05-27,2021,Q2,5,May,21,Thursday,False,2021,FQ1
20210528,2021-05-28,2021,Q2,5,May,21,Friday,False,2021,FQ1
20210529,2021-05-29,2021,Q2,5,May,21,Saturday,True,2021,FQ1
20210530,2021-05-30,2021,Q2,5,May,21,Sunday,True,2021,FQ1
20210531,2021-05-31,2021,Q2,5,May,22,Monday,False,2021,FQ1
20210601,2021-06-01,2021,Q2,6,June,22,Tuesday,False,2021,FQ1
20210602,2021-06-02,2021,Q2,6,June,22,Wednesday,False,2021,FQ1
20210603,2021-06-03,2021,Q2,6,June,22,Thursday,False,2021,FQ1
20210604,2021-06-04,2021,Q2,6,June,22,Friday,False,2021,FQ1
20210605,2021-06-05,2021,Q2,6,June,22,Saturday,True,2021,FQ1
20210606,2021-06-06,2021,Q2,6,June,22,Sunday,True,2021,FQ1
20210607,2021-06-07,2021,Q2,6,June,23,Monday,False,2021,FQ1
20210608,2021-06-08,2021,Q2,6,June,23,Tuesday,False,2021,FQ1
20210609,2021-06-09,2021,Q2,6,June,23,Wednesday,False,2021,FQ1
20210610,2021-06-10,2021,Q2,6,June,23,Thursday,False,2021,FQ1
20210611,2021-06-11,2021,Q2,6,June,23,Friday,False,2021,FQ1
20210612,2021-06-12,2021,Q2,6,June,23,Saturday,True,2021,FQ1
20210613,2021-06-13,2021,Q2,6,June,23,Sunday,True,2021,FQ1
20210614,2021-06-14,2021,Q2,6,June,24,Monday,False,2021,FQ1
20210615,2021-06-15,2021,Q2,6,June,24,Tuesday,False,2021,FQ1
20210616,2021-06-16,2021,Q2,6,June,24,Wednesday,False,2021,FQ1
20210617,2021-06-17,2021,Q2,6,June,24,Thursday,False,2021,FQ1
20210618,2021-06-18,2021,Q2,6,June,24,Friday,False,2021,FQ1
20210619,2021-06-19,2021,Q2,6,June,24,Saturday,True,2021,FQ1
20210620,2021-06-20,2021,Q2,6,June,24,Sunday,True,2021,FQ1
20210621,2021-06-21,2021,Q2,6,June,25,Monday,False,2021,FQ1
20210622,2021-06-22,2021,Q2,6,June,25,Tuesday,False,2021,FQ1
20210623,2021-06-23,2021,Q2,6,June,25,Wednesday,False,2021,FQ1
20210624,2021-06-24,2021,Q2,6,June,25,Thursday,False,2021,FQ1
20210625,2021-06-25,2021,Q2,6,June,25,Friday,False,2021,FQ1
20210626,2021-06-26,2021,Q2,6,June,25,Saturday,True,2021,FQ1
20210627,2021-06-27,2021,Q2,6,June,25,Sunday,True,2021,FQ1
20210628,2021-06-28,2021,Q2,6,June,26,Monday,False,2021,FQ1
20210629,2021-06-29,2021,Q2,6,June,26,Tuesday,False,2021,FQ1
20210630,2021-06-30,2021,Q2,6,June,26,Wednesday,False,2021,FQ1
20210701,2021-07-01,2021,Q3,7,July,26,Thursday,False,2021,FQ2
20210702,2021-07-02,2021,Q3,7,July,26,Friday,False,2021,FQ2
20210703,2021-07-03,2021,Q3,7,July,26,Saturday,True,2021,FQ2
20210704,2021-07-04,2021,Q3,7,July,26,Sunday,True,2021,FQ2
20210705,2021-07-05,2021,Q3,7,July,27,Monday,False,2021,FQ2
20210706,2021-07-06,2021,Q3,7,July,27,Tuesday,False,2021,FQ2
20210707,2021-07-07,2021,Q3,7,July,27,Wednesday,False,2021,FQ2
20210708,2021-07-08,2021,Q3,7,July,27,Thursday,False,2021,FQ2
20210709,2021-07-09,2021,Q3,7,July,27,Friday,False,2021,FQ2
20210710,2021-07-10,2021,Q3,7,July,27,Saturday,True,2021,FQ2
20210711,2021-07-11,2021,Q3,7,July,27,Sunday,True,2021,FQ2
20210712,2021-07-12,2021,Q3,7,July,28,Monday,False,2021,FQ2
20210713,2021-07-13,2021,Q3,7,July,28,Tuesday,False,2021,FQ2
20210714,2021-07-14,2021,Q3,7,July,28,Wednesday,False,2021,FQ2
20210715,2021-07-15,2021,Q3,7,July,28,Thursday,False,2021,FQ2
20210716,2021-07-16,2021,Q3,7,July,28,Friday,False,2021,FQ2
20210717,2021-07-17,2021,Q3,7,July,28,Saturday,True,2021,FQ2
20210718,2021-07-18,2021,Q3,7,July,28,Sunday,True,2021,FQ2
20210719,2021-07-19,2021,Q3,7,July,29,Monday,False,2021,FQ2
20210720,2021-07-20,2021,Q3,7,July,29,Tuesday,False,2021,FQ2
20210721,2021-07-21,2021,Q3,7,July,29,Wednesday,False,2021,FQ2
20210722,2021-07-22,2021,Q3,7,July,29,Thursday,False,2021,FQ2
20210723,2021-07-23,2021,Q3,7,July,29,Friday,False,2021,FQ2
20210724,2021-07-24,2021,Q3,7,July,29,Saturday,True,2021,FQ2
20210725,2021-07-25,2021,Q3,7,July,29,Sunday,True,2021,FQ2
20210726,2021-07-26,2021,Q3,7,July,30,Monday,False,2021,FQ2
20210727,2021-07-27,2021,Q3,7,July,30,Tuesday,False,2021,FQ2
20210728,2021-07-28,2021,Q3,7,July,30,Wednesday,False,2021,FQ2
20210729,2021-07-29,2021,Q3,7,July,30,Thursday,False,2021,FQ2
20210730,2021-07-30,2021,Q3,7,July,30,Friday,False,2021,FQ2
20210731,2021-07-31,2021,Q3,7,July,30,Saturday,True,2021,FQ2
20210801,2021-08-01,2021,Q3,8,August,30,Sunday,True,2021,FQ2
20210802,2021-08-02,2021,Q3,8,August,31,Monday,False,2021,FQ2
20210803,2021-08-03,2021,Q3,8,August,31,Tuesday,False,2021,FQ2
20210804,2021-08-04,2021,Q3,8,August,31,Wednesday,False,2021,FQ2
20210805,2021-08-05,2021,Q3,8,August,31,Thursday,False,2021,FQ2
20210806,2021-08-06,2021,Q3,8,August,31,Friday,False,2021,FQ2
20210807,2021-08-07,2021,Q3,8,August,31,Saturday,True,2021,FQ2
20210808,2021-08-08,2021,Q3,8,August,31,Sunday,True,2021,FQ2
20210809,2021-08-09,2021,Q3,8,August,32,Monday,False,2021,FQ2
20210810,2021-08-10,2021,Q3,8,August,32,Tuesday,False,2021,FQ2
20210811,2021-08-11,2021,Q3,8,August,32,Wednesday,False,2021,FQ2
20210812,2021-08-12,2021,Q3,8,August,32,Thursday,False,2021,FQ2
20210813,2021-08-13,2021,Q3,8,August,32,Friday,False,2021,FQ2
20210814,2021-08-14,2021,Q3,8,August,32,Saturday,True,2021,FQ2
20210815,2021-08-15,2021,Q3,8,August,32,Sunday,True,2021,FQ2
20210816,2021-08-16,2021,Q3,8,August,33,Monday,False,2021,FQ2
20210817,2021-08-17,2021,Q3,8,August,33,Tuesday,False,2021,FQ2
20210818,2021-08-18,2021,Q3,8,August,33,Wednesday,False,2021,FQ2
20210819,2021-08-19,2021,Q3,8,August,33,Thursday,False,2021,FQ2
20210820,2021-08-20,2021,Q3,8,August,33,Friday,False,2021,FQ2
20210821,2021-08-21,2021,Q3,8,August,33,Saturday,True,2021,FQ2
20210822,2021-08-22,2021,Q3,8,August,33,Sunday,True,2021,FQ2
20210823,2021-08-23,2021,Q3,8,August,34,Monday,False,2021,FQ2
20210824,2021-08-24,2021,Q3,8,August,34,Tuesday,False,2021,FQ2
20210825,2021-08-25,2021,Q3,8,August,34,Wednesday,False,2021,FQ2
20210826,2021-08-26,2021,Q3,8,August,34,Thursday,False,2021,FQ2
20210827,2021-08-27,2021,Q3,8,August,34,Friday,False,2021,FQ2
20210828,2021-08-28,2021,Q3,8,August,34,Saturday,True,2021,FQ2
20210829,2021-08-29,2021,Q3,8,August,34,Sunday,True,2021,FQ2
20210830,2021-08-30,2021,Q3,8,August,35,Monday,False,2021,FQ2
20210831,2021-08-31,2021,Q3,8,August,35,Tuesday,False,2021,FQ2
20210901,2021-09-01,2021,Q3,9,September,35,Wednesday,False,2021,FQ2
20210902,2021-09-02,2021,Q3,9,September,35,Thursday,False,2021,FQ2
20210903,2021-09-03,2021,Q3,9,September,35,Friday,False,2021,FQ2
20210904,2021-09-04,2021,Q3,9,September,35,Saturday,True,2021,FQ2
20210905,2021-09-05,2021,Q3,9,September,35,Sunday,True,2021,FQ2
20210906,2021-09-06,2021,Q3,9,September,36,Monday,False,2021,FQ2
20210907,2021-09-07,2021,Q3,9,September,36,Tuesday,False,2021,FQ2
20210908,2021-09-08,2021,Q3,9,September,36,Wednesday,False,2021,FQ2
20210909,2021-09-09,2021,Q3,9,September,36,Thursday,False,2021,FQ2
20210910,2021-09-10,2021,Q3,9,September,36,Friday,False,2021,FQ2
20210911,2021-09-11,2021,Q3,9,September,36,Saturday,True,2021,FQ2
20210912,2021-09-12,2021,Q3,9,September,36,Sunday,True,2021,FQ2
20210913,2021-09-13,2021,Q3,9,September,37,Monday,False,2021,FQ2
20210914,2021-09-14,2021,Q3,9,September,37,Tuesday,False,2021,FQ2
20210915,2021-09-15,2021,Q3,9,September,37,Wednesday,False,2021,FQ2
20210916,2021-09-16,2021,Q3,9,September,37,Thursday,False,2021,FQ2
20210917,2021-09-17,2021,Q3,9,September,37,Friday,False,2021,FQ2
20210918,2021-09-18,2021,Q3,9,September,37,Saturday,True,2021,FQ2
20210919,2021-09-19,2021,Q3,9,September,37,Sunday,True,2021,FQ2
20210920,2021-09-20,2021,Q3,9,September,38,Monday,False,2021,FQ2
20210921,2021-09-21,2021,Q3,9,September,38,Tuesday,False,2021,FQ2
20210922,2021-09-22,2021,Q3,9,September,38,Wednesday,False,2021,FQ2
20210923,2021-09-23,2021,Q3,9,September,38,Thursday,False,2021,FQ2
20210924,2021-09-24,2021,Q3,9,September,38,Friday,False,2021,FQ2
20210925,2021-09-25,2021,Q3,9,September,38,Saturday,True,2021,FQ2
20210926,2021-09-26,2021,Q3,9,September,38,Sunday,True,2021,FQ2
20210927,2021-09-27,2021,Q3,9,September,39,Monday,False,2021,FQ2
20210928,2021-09-28,2021,Q3,9,September,39,Tuesday,False,2021,FQ2
20210929,2021-09-29,2021,Q3,9,September,39,Wednesday,False,2021,FQ2
20210930,2021-09-30,2021,Q3,9,September,39,Thursday,False,2021,FQ2
20211001,2021-10-01,2021,Q4,10,October,39,Friday,False,2021,FQ3
20211002,2021-10-02,2021,Q4,10,October,39,Saturday,True,2021,FQ3
20211003,2021-10-03,2021,Q4,10,October,39,Sunday,True,2021,FQ3
20211004,2021-10-04,2021,Q4,10,October,40,Monday,False,2021,FQ3
20211005,2021-10-05,2021,Q4,10,October,40,Tuesday,False,2021,FQ3
20211006,2021-10-06,2021,Q4,10,October,40,Wednesday,False,2021,FQ3
20211007,2021-10-07,2021,Q4,10,October,40,Thursday,False,2021,FQ3
20211008,2021-10-08,2021,Q4,10,October,40,Friday,False,2021,FQ3
20211009,2021-10-09,2021,Q4,10,October,40,Saturday,True,2021,FQ3
20211010,2021-10-10,2021,Q4,10,October,40,Sunday,True,2021,FQ3
20211011,2021-10-11,2021,Q4,10,October,41,Monday,False,2021,FQ3
20211012,2021-10-12,2021,Q4,10,October,41,Tuesday,False,2021,FQ3
20211013,2021-10-13,2021,Q4,10,October,41,Wednesday,False,2021,FQ3
20211014,2021-10-14,2021,Q4,10,October,41,Thursday,False,2021,FQ3
20211015,2021-10-15,2021,Q4,10,October,41,Friday,False,2021,FQ3
20211016,2021-10-16,2021,Q4,10,October,41,Saturday,True,2021,FQ3
20211017,2021-10-17,2021,Q4,10,October,41,Sunday,True,2021,FQ3
20211018,2021-10-18,2021,Q4,10,October,42,Monday,False,2021,FQ3
20211019,2021-10-19,2021,Q4,10,October,42,Tuesday,False,2021,FQ3
20211020,2021-10-20,2021,Q4,10,October,42,Wednesday,False,2021,FQ3
20211021,2021-10-21,2021,Q4,10,October,42,Thursday,False,2021,FQ3
20211022,2021-10-22,2021,Q4,10,October,42,Friday,False,2021,FQ3
20211023,2021-10-23,2021,Q4,10,October,42,Saturday,True,2021,FQ3
20211024,2021-10-24,2021,Q4,10,October,42,Sunday,True,2021,FQ3
20211025,2021-10-25,2021,Q4,10,October,43,Monday,False,2021,FQ3
20211026,2021-10-26,2021,Q4,10,October,43,Tuesday,False,2021,FQ3
20211027,2021-10-27,2021,Q4,10,October,43,Wednesday,False,2021,FQ3
20211028,2021-10-28,2021,Q4,10,October,43,Thursday,False,2021,FQ3
20211029,2021-10-29,2021,Q4,10,October,43,Friday,False,2021,FQ3
20211030,2021-10-30,2021,Q4,10,October,43,Saturday,True,2021,FQ3
20211031,2021-10-31,2021,Q4,10,October,43,Sunday,True,2021,FQ3
20211101,2021-11-01,2021,Q4,11,November,44,Monday,False,2021,FQ3
20211102,2021-11-02,2021,Q4,11,November,44,Tuesday,False,2021,FQ3
20211103,2021-11-03,2021,Q4,11,November,44,Wednesday,False,2021,FQ3
20211104,2021-11-04,2021,Q4,11,November,44,Thursday,False,2021,FQ3
20211105,2021-11-05,2021,Q4,11,November,44,Friday,False,2021,FQ3
20211106,2021-11-06,2021,Q4,11,November,44,Saturday,True,2021,FQ3
20211107,2021-11-07,2021,Q4,11,November,44,Sunday,True,2021,FQ3
20211108,2021-11-08,2021,Q4,11,November,45,Monday,False,2021,FQ3
20211109,2021-11-09,2021,Q4,11,November,45,Tuesday,False,2021,FQ3
20211110,2021-11-10,2021,Q4,11,November,45,Wednesday,False,2021,FQ3
20211111,2021-11-11,2021,Q4,11,November,45,Thursday,False,2021,FQ3
20211112,2021-11-12,2021,Q4,11,November,45,Friday,False,2021,FQ3
20211113,2021-11-13,2021,Q4,11,November,45,Saturday,True,2021,FQ3
20211114,2021-11-14,2021,Q4,11,November,45,Sunday,True,2021,FQ3
20211115,2021-11-15,2021,Q4,11,November,46,Monday,False,2021,FQ3
20211116,2021-11-16,2021,Q4,11,November,46,Tuesday,False,2021,FQ3
20211117,2021-11-17,2021,Q4,11,November,46,Wednesday,False,2021,FQ3
20211118,2021-11-18,2021,Q4,11,November,46,Thursday,False,2021,FQ3
20211119,2021-11-19,2021,Q4,11,November,46,Friday,False,2021,FQ3
20211120,2021-11-20,2021,Q4,11,November,46,Saturday,True,2021,FQ3
20211121,2021-11-21,2021,Q4,11,November,46,Sunday,True,2021,FQ3
20211122,2021-11-22,2021,Q4,11,November,47,Monday,False,2021,FQ3
20211123,2021-11-23,2021,Q4,11,November,47,Tuesday,False,2021,FQ3
20211124,2021-11-24,2021,Q4,11,November,47,Wednesday,False,2021,FQ3
20211125,2021-11-25,2021,Q4,11,November,47,Thursday,False,2021,FQ3
20211126,2021-11-26,2021,Q4,11,November,47,Friday,False,2021,FQ3
20211127,2021-11-27,2021,Q4,11,November,47,Saturday,True,2021,FQ3
20211128,2021-11-28,2021,Q4,11,November,47,Sunday,True,2021,FQ3
20211129,2021-11-29,2021,Q4,11,November,48,Monday,False,2021,FQ3
20211130,2021-11-30,2021,Q4,11,November,48,Tuesday,False,2021,FQ3
20211201,2021-12-01,2021,Q4,12,December,48,Wednesday,False,2021,FQ3
20211202,2021-12-02,2021,Q4,12,December,48,Thursday,False,2021,FQ3
20211203,2021-12-03,2021,Q4,12,December,48,Friday,False,2021,FQ3
20211204,2021-12-04,2021,Q4,12,December,48,Saturday,True,2021,FQ3
20211205,2021-12-05,2021,Q4,12,December,48,Sunday,True,2021,FQ3
20211206,2021-12-06,2021,Q4,12,December,49,Monday,False,2021,FQ3
20211207,2021-12-07,2021,Q4,12,December,49,Tuesday,False,2021,FQ3
20211208,2021-12-08,2021,Q4,12,December,49,Wednesday,False,2021,FQ3
20211209,2021-12-09,2021,Q4,12,December,49,Thursday,False,2021,FQ3
20211210,2021-12-10,2021,Q4,12,December,49,Friday,False,2021,FQ3
20211211,2021-12-11,2021,Q4,12,December,49,Saturday,True,2021,FQ3
20211212,2021-12-12,2021,Q4,12,December,49,Sunday,True,2021,FQ3
20211213,2021-12-13,2021,Q4,12,December,50,Monday,False,2021,FQ3
20211214,2021-12-14,2021,Q4,12,December,50,Tuesday,False,2021,FQ3
20211215,2021-12-15,2021,Q4,12,December,50,Wednesday,False,2021,FQ3
20211216,2021-12-16,2021,Q4,12,December,50,Thursday,False,2021,FQ3
20211217,2021-12-17,2021,Q4,12,December,50,Friday,False,2021,FQ3
20211218,2021-12-18,2021,Q4,12,December,50,Saturday,True,2021,FQ3
20211219,2021-12-19,2021,Q4,12,December,50,Sunday,True,2021,FQ3
20211220,2021-12-20,2021,Q4,12,December,51,Monday,False,2021,FQ3
20211221,2021-12-21,2021,Q4,12,December,51,Tuesday,False,2021,FQ3
20211222,2021-12-22,2021,Q4,12,December,51,Wednesday,False,2021,FQ3
20211223,2021-12-23,2021,Q4,12,December,51,Thursday,False,2021,FQ3
20211224,2021-12-24,2021,Q4,12,December,51,Friday,False,2021,FQ3
20211225,2021-12-25,2021,Q4,12,December,51,Saturday,True,2021,FQ3
20211226,2021-12-26,2021,Q4,12,December,51,Sunday,True,2021,FQ3
20211227,2021-12-27,2021,Q4,12,December,52,Monday,False,2021,FQ3
20211228,2021-12-28,2021,Q4,12,December,52,Tuesday,False,2021,FQ3
20211229,2021-12-29,2021,Q4,12,December,52,Wednesday,False,2021,FQ3
20211230,2021-12-30,2021,Q4,12,December,52,Thursday,False,2021,FQ3
20211231,2021-12-31,2021,Q4,12,December,52,Friday,False,2021,FQ3
20220101,2022-01-01,2022,Q1,1,January,52,Saturday,True,2021,FQ4
20220102,2022-01-02,2022,Q1,1,January,52,Sunday,True,2021,FQ4
20220103,2022-01-03,2022,Q1,1,January,1,Monday,False,2021,FQ4
20220104,2022-01-04,2022,Q1,1,January,1,Tuesday,False,2021,FQ4
20220105,2022-01-05,2022,Q1,1,January,1,Wednesday,False,2021,FQ4
20220106,2022-01-06,2022,Q1,1,January,1,Thursday,False,2021,FQ4
20220107,2022-01-07,2022,Q1,1,January,1,Friday,False,2021,FQ4
20220108,2022-01-08,2022,Q1,1,January,1,Saturday,True,2021,FQ4
20220109,2022-01-09,2022,Q1,1,January,1,Sunday,True,2021,FQ4
20220110,2022-01-10,2022,Q1,1,January,2,Monday,False,2021,FQ4
20220111,2022-01-11,2022,Q1,1,January,2,Tuesday,False,2021,FQ4
20220112,2022-01-12,2022,Q1,1,January,2,Wednesday,False,2021,FQ4
20220113,2022-01-13,2022,Q1,1,January,2,Thursday,False,2021,FQ4
20220114,2022-01-14,2022,Q1,1,January,2,Friday,False,2021,FQ4
20220115,2022-01-15,2022,Q1,1,January,2,Saturday,True,2021,FQ4
20220116,2022-01-16,2022,Q1,1,January,2,Sunday,True,2021,FQ4
20220117,2022-01-17,2022,Q1,1,January,3,Monday,False,2021,FQ4
20220118,2022-01-18,2022,Q1,1,January,3,Tuesday,False,2021,FQ4
20220119,2022-01-19,2022,Q1,1,January,3,Wednesday,False,2021,FQ4
20220120,2022-01-20,2022,Q1,1,January,3,Thursday,False,2021,FQ4
20220121,2022-01-21,2022,Q1,1,January,3,Friday,False,2021,FQ4
20220122,2022-01-22,2022,Q1,1,January,3,Saturday,True,2021,FQ4
20220123,2022-01-23,2022,Q1,1,January,3,Sunday,True,2021,FQ4
20220124,2022-01-24,2022,Q1,1,January,4,Monday,False,2021,FQ4
20220125,2022-01-25,2022,Q1,1,January,4,Tuesday,False,2021,FQ4
20220126,2022-01-26,2022,Q1,1,January,4,Wednesday,False,2021,FQ4
20220127,2022-01-27,2022,Q1,1,January,4,Thursday,False,2021,FQ4
20220128,2022-01-28,2022,Q1,1,January,4,Friday,False,2021,FQ4
20220129,2022-01-29,2022,Q1,1,January,4,Saturday,True,2021,FQ4
20220130,2022-01-30,2022,Q1,1,January,4,Sunday,True,2021,FQ4
20220131,2022-01-31,2022,Q1,1,January,5,Monday,False,2021,FQ4
20220201,2022-02-01,2022,Q1,2,February,5,Tuesday,False,2021,FQ4
20220202,2022-02-02,2022,Q1,2,February,5,Wednesday,False,2021,FQ4
20220203,2022-02-03,2022,Q1,2,February,5,Thursday,False,2021,FQ4
20220204,2022-02-04,2022,Q1,2,February,5,Friday,False,2021,FQ4
20220205,2022-02-05,2022,Q1,2,February,5,Saturday,True,2021,FQ4
20220206,2022-02-06,2022,Q1,2,February,5,Sunday,True,2021,FQ4
20220207,2022-02-07,2022,Q1,2,February,6,Monday,False,2021,FQ4
20220208,2022-02-08,2022,Q1,2,February,6,Tuesday,False,2021,FQ4
20220209,2022-02-09,2022,Q1,2,February,6,Wednesday,False,2021,FQ4
20220210,2022-02-10,2022,Q1,2,February,6,Thursday,False,2021,FQ4
20220211,2022-02-11,2022,Q1,2,February,6,Friday,False,2021,FQ4
20220212,2022-02-12,2022,Q1,2,February,6,Saturday,True,2021,FQ4
20220213,2022-02-13,2022,Q1,2,February,6,Sunday,True,2021,FQ4
20220214,2022-02-14,2022,Q1,2,February,7,Monday,False,2021,FQ4
20220215,2022-02-15,2022,Q1,2,February,7,Tuesday,False,2021,FQ4
20220216,2022-02-16,2022,Q1,2,February,7,Wednesday,False,2021,FQ4
20220217,2022-02-17,2022,Q1,2,February,7,Thursday,False,2021,FQ4
20220218,2022-02-18,2022,Q1,2,February,7,Friday,False,2021,FQ4
20220219,2022-02-19,2022,Q1,2,February,7,Saturday,True,2021,FQ4
20220220,2022-02-20,2022,Q1,2,February,7,Sunday,True,2021,FQ4
20220221,2022-02-21,2022,Q1,2,February,8,Monday,False,2021,FQ4
20220222,2022-02-22,2022,Q1,2,February,8,Tuesday,False,2021,FQ4
20220223,2022-02-23,2022,Q1,2,February,8,Wednesday,False,2021,FQ4
20220224,2022-02-24,2022,Q1,2,February,8,Thursday,False,2021,FQ4
20220225,2022-02-25,2022,Q1,2,February,8,Friday,False,2021,FQ4
20220226,2022-02-26,2022,Q1,2,February,8,Saturday,True,2021,FQ4
20220227,2022-02-27,2022,Q1,2,February,8,Sunday,True,2021,FQ4
20220228,2022-02-28,2022,Q1,2,February,9,Monday,False,2021,FQ4
20220301,2022-03-01,2022,Q1,3,March,9,Tuesday,False,2021,FQ4
20220302,2022-03-02,2022,Q1,3,March,9,Wednesday,False,2021,FQ4
20220303,2022-03-03,2022,Q1,3,March,9,Thursday,False,2021,FQ4
20220304,2022-03-04,2022,Q1,3,March,9,Friday,False,2021,FQ4
20220305,2022-03-05,2022,Q1,3,March,9,Saturday,True,2021,FQ4
20220306,2022-03-06,2022,Q1,3,March,9,Sunday,True,2021,FQ4
20220307,2022-03-07,2022,Q1,3,March,10,Monday,False,2021,FQ4
20220308,2022-03-08,2022,Q1,3,March,10,Tuesday,False,2021,FQ4
20220309,2022-03-09,2022,Q1,3,March,10,Wednesday,False,2021,FQ4
20220310,2022-03-10,2022,Q1,3,March,10,Thursday,False,2021,FQ4
20220311,2022-03-11,2022,Q1,3,March,10,Friday,False,2021,FQ4
20220312,2022-03-12,2022,Q1,3,March,10,Saturday,True,2021,FQ4
20220313,2022-03-13,2022,Q1,3,March,10,Sunday,True,2021,FQ4
20220314,2022-03-14,2022,Q1,3,March,11,Monday,False,2021,FQ4
20220315,2022-03-15,2022,Q1,3,March,11,Tuesday,False,2021,FQ4
20220316,2022-03-16,2022,Q1,3,March,11,Wednesday,False,2021,FQ4
20220317,2022-03-17,2022,Q1,3,March,11,Thursday,False,2021,FQ4
20220318,2022-03-18,2022,Q1,3,March,11,Friday,False,2021,FQ4
20220319,2022-03-19,2022,Q1,3,March,11,Saturday,True,2021,FQ4
20220320,2022-03-20,2022,Q1,3,March,11,Sunday,True,2021,FQ4
20220321,2022-03-21,2022,Q1,3,March,12,Monday,False,2021,FQ4
20220322,2022-03-22,2022,Q1,3,March,12,Tuesday,False,2021,FQ4
20220323,2022-03-23,2022,Q1,3,March,12,Wednesday,False,2021,FQ4
20220324,2022-03-24,2022,Q1,3,March,12,Thursday,False,2021,FQ4
20220325,2022-03-25,2022,Q1,3,March,12,Friday,False,2021,FQ4
20220326,2022-03-26,2022,Q1,3,March,12,Saturday,True,2021,FQ4
20220327,2022-03-27,2022,Q1,3,March,12,Sunday,True,2021,FQ4
20220328,2022-03-28,2022,Q1,3,March,13,Monday,False,2021,FQ4
20220329,2022-03-29,2022,Q1,3,March,13,Tuesday,False,2021,FQ4
20220330,2022-03-30,2022,Q1,3,March,13,Wednesday,False,2021,FQ4
20220331,2022-03-31,2022,Q1,3,March,13,Thursday,False,2021,FQ4
20220401,2022-04-01,2022,Q2,4,April,13,Friday,False,2022,FQ1
20220402,2022-04-02,2022,Q2,4,April,13,Saturday,True,2022,FQ1
20220403,2022-04-03,2022,Q2,4,April,13,Sunday,True,2022,FQ1
20220404,2022-04-04,2022,Q2,4,April,14,Monday,False,2022,FQ1
20220405,2022-04-05,2022,Q2,4,April,14,Tuesday,False,2022,FQ1
20220406,2022-04-06,2022,Q2,4,April,14,Wednesday,False,2022,FQ1
20220407,2022-04-07,2022,Q2,4,April,14,Thursday,False,2022,FQ1
20220408,2022-04-08,2022,Q2,4,April,14,Friday,False,2022,FQ1
20220409,2022-04-09,2022,Q2,4,April,14,Saturday,True,2022,FQ1
20220410,2022-04-10,2022,Q2,4,April,14,Sunday,True,2022,FQ1
20220411,2022-04-11,2022,Q2,4,April,15,Monday,False,2022,FQ1
20220412,2022-04-12,2022,Q2,4,April,15,Tuesday,False,2022,FQ1
20220413,2022-04-13,2022,Q2,4,April,15,Wednesday,False,2022,FQ1
20220414,2022-04-14,2022,Q2,4,April,15,Thursday,False,2022,FQ1
20220415,2022-04-15,2022,Q2,4,April,15,Friday,False,2022,FQ1
20220416,2022-04-16,2022,Q2,4,April,15,Saturday,True,2022,FQ1
20220417,2022-04-17,2022,Q2,4,April,15,Sunday,True,2022,FQ1
20220418,2022-04-18,2022,Q2,4,April,16,Monday,False,2022,FQ1
20220419,2022-04-19,2022,Q2,4,April,16,Tuesday,False,2022,FQ1
20220420,2022-04-20,2022,Q2,4,April,16,Wednesday,False,2022,FQ1
20220421,2022-04-21,2022,Q2,4,April,16,Thursday,False,2022,FQ1
20220422,2022-04-22,2022,Q2,4,April,16,Friday,False,2022,FQ1
20220423,2022-04-23,2022,Q2,4,April,16,Saturday,True,2022,FQ1
20220424,2022-04-24,2022,Q2,4,April,16,Sunday,True,2022,FQ1
20220425,2022-04-25,2022,Q2,4,April,17,Monday,False,2022,FQ1
20220426,2022-04-26,2022,Q2,4,April,17,Tuesday,False,2022,FQ1
20220427,2022-04-27,2022,Q2,4,April,17,Wednesday,False,2022,FQ1
20220428,2022-04-28,2022,Q2,4,April,17,Thursday,False,2022,FQ1
20220429,2022-04-29,2022,Q2,4,April,17,Friday,False,2022,FQ1
20220430,2022-04-30,2022,Q2,4,April,17,Saturday,True,2022,FQ1
20220501,2022-05-01,2022,Q2,5,May,17,Sunday,True,2022,FQ1
20220502,2022-05-02,2022,Q2,5,May,18,Monday,False,2022,FQ1
20220503,2022-05-03,2022,Q2,5,May,18,Tuesday,False,2022,FQ1
20220504,2022-05-04,2022,Q2,5,May,18,Wednesday,False,2022,FQ1
20220505,2022-05-05,2022,Q2,5,May,18,Thursday,False,2022,FQ1
20220506,2022-05-06,2022,Q2,5,May,18,Friday,False,2022,FQ1
20220507,2022-05-07,2022,Q2,5,May,18,Saturday,True,2022,FQ1
20220508,2022-05-08,2022,Q2,5,May,18,Sunday,True,2022,FQ1
20220509,2022-05-09,2022,Q2,5,May,19,Monday,False,2022,FQ1
20220510,2022-05-10,2022,Q2,5,May,19,Tuesday,False,2022,FQ1
20220511,2022-05-11,2022,Q2,5,May,19,Wednesday,False,2022,FQ1
20220512,2022-05-12,2022,Q2,5,May,19,Thursday,False,2022,FQ1
20220513,2022-05-13,2022,Q2,5,May,19,Friday,False,2022,FQ1
20220514,2022-05-14,2022,Q2,5,May,19,Saturday,True,2022,FQ1
20220515,2022-05-15,2022,Q2,5,May,19,Sunday,True,2022,FQ1
20220516,2022-05-16,2022,Q2,5,May,20,Monday,False,2022,FQ1
20220517,2022-05-17,2022,Q2,5,May,20,Tuesday,False,2022,FQ1
20220518,2022-05-18,2022,Q2,5,May,20,Wednesday,False,2022,FQ1
20220519,2022-05-19,2022,Q2,5,May,20,Thursday,False,2022,FQ1
20220520,2022-05-20,2022,Q2,5,May,20,Friday,False,2022,FQ1
20220521,2022-05-21,2022,Q2,5,May,20,Saturday,True,2022,FQ1
20220522,2022-05-22,2022,Q2,5,May,20,Sunday,True,2022,FQ1
20220523,2022-05-23,2022,Q2,5,May,21,Monday,False,2022,FQ1
20220524,2022-05-24,2022,Q2,5,May,21,Tuesday,False,2022,FQ1
20220525,2022-05-25,2022,Q2,5,May,21,Wednesday,False,2022,FQ1
20220526,2022-05-26,2022,Q2,5,May,21,Thursday,False,2022,FQ1
20220527,2022-05-27,2022,Q2,5,May,21,Friday,False,2022,FQ1
20220528,2022-05-28,2022,Q2,5,May,21,Saturday,True,2022,FQ1
20220529,2022-05-29,2022,Q2,5,May,21,Sunday,True,2022,FQ1
20220530,2022-05-30,2022,Q2,5,May,22,Monday,False,2022,FQ1
20220531,2022-05-31,2022,Q2,5,May,22,Tuesday,False,2022,FQ1
20220601,2022-06-01,2022,Q2,6,June,22,Wednesday,False,2022,FQ1
20220602,2022-06-02,2022,Q2,6,June,22,Thursday,False,2022,FQ1
20220603,2022-06-03,2022,Q2,6,June,22,Friday,False,2022,FQ1
20220604,2022-06-04,2022,Q2,6,June,22,Saturday,True,2022,FQ1
20220605,2022-06-05,2022,Q2,6,June,22,Sunday,True,2022,FQ1
20220606,2022-06-06,2022,Q2,6,June,23,Monday,False,2022,FQ1
20220607,2022-06-07,2022,Q2,6,June,23,Tuesday,False,2022,FQ1
20220608,2022-06-08,2022,Q2,6,June,23,Wednesday,False,2022,FQ1
20220609,2022-06-09,2022,Q2,6,June,23,Thursday,False,2022,FQ1
20220610,2022-06-10,2022,Q2,6,June,23,Friday,False,2022,FQ1
20220611,2022-06-11,2022,Q2,6,June,23,Saturday,True,2022,FQ1
20220612,2022-06-12,2022,Q2,6,June,23,Sunday,True,2022,FQ1
20220613,2022-06-13,2022,Q2,6,June,24,Monday,False,2022,FQ1
20220614,2022-06-14,2022,Q2,6,June,24,Tuesday,False,2022,FQ1
20220615,2022-06-15,2022,Q2,6,June,24,Wednesday,False,2022,FQ1
20220616,2022-06-16,2022,Q2,6,June,24,Thursday,False,2022,FQ1
20220617,2022-06-17,2022,Q2,6,June,24,Friday,False,2022,FQ1
20220618,2022-06-18,2022,Q2,6,June,24,Saturday,True,2022,FQ1
20220619,2022-06-19,2022,Q2,6,June,24,Sunday,True,2022,FQ1
20220620,2022-06-20,2022,Q2,6,June,25,Monday,False,2022,FQ1
20220621,2022-06-21,2022,Q2,6,June,25,Tuesday,False,2022,FQ1
20220622,2022-06-22,2022,Q2,6,June,25,Wednesday,False,2022,FQ1
20220623,2022-06-23,2022,Q2,6,June,25,Thursday,False,2022,FQ1
20220624,2022-06-24,2022,Q2,6,June,25,Friday,False,2022,FQ1
20220625,2022-06-25,2022,Q2,6,June,25,Saturday,True,2022,FQ1
20220626,2022-06-26,2022,Q2,6,June,25,Sunday,True,2022,FQ1
20220627,2022-06-27,2022,Q2,6,June,26,Monday,False,2022,FQ1
20220628,2022-06-28,2022,Q2,6,June,26,Tuesday,False,2022,FQ1
20220629,2022-06-29,2022,Q2,6,June,26,Wednesday,False,2022,FQ1
20220630,2022-06-30,2022,Q2,6,June,26,Thursday,False,2022,FQ1
20220701,2022-07-01,2022,Q3,7,July,26,Friday,False,2022,FQ2
20220702,2022-07-02,2022,Q3,7,July,26,Saturday,True,2022,FQ2
20220703,2022-07-03,2022,Q3,7,July,26,Sunday,True,2022,FQ2
20220704,2022-07-04,2022,Q3,7,July,27,Monday,False,2022,FQ2
20220705,2022-07-05,2022,Q3,7,July,27,Tuesday,False,2022,FQ2
20220706,2022-07-06,2022,Q3,7,July,27,Wednesday,False,2022,FQ2
20220707,2022-07-07,2022,Q3,7,July,27,Thursday,False,2022,FQ2
20220708,2022-07-08,2022,Q3,7,July,27,Friday,False,2022,FQ2
20220709,2022-07-09,2022,Q3,7,July,27,Saturday,True,2022,FQ2
20220710,2022-07-10,2022,Q3,7,July,27,Sunday,True,2022,FQ2
20220711,2022-07-11,2022,Q3,7,July,28,Monday,False,2022,FQ2
20220712,2022-07-12,2022,Q3,7,July,28,Tuesday,False,2022,FQ2
20220713,2022-07-13,2022,Q3,7,July,28,Wednesday,False,2022,FQ2
20220714,2022-07-14,2022,Q3,7,July,28,Thursday,False,2022,FQ2
20220715,2022-07-15,2022,Q3,7,July,28,Friday,False,2022,FQ2
20220716,2022-07-16,2022,Q3,7,July,28,Saturday,True,2022,FQ2
20220717,2022-07-17,2022,Q3,7,July,28,Sunday,True,2022,FQ2
20220718,2022-07-18,2022,Q3,7,July,29,Monday,False,2022,FQ2
20220719,2022-07-19,2022,Q3,7,July,29,Tuesday,False,2022,FQ2
20220720,2022-07-20,2022,Q3,7,July,29,Wednesday,False,2022,FQ2
20220721,2022-07-21,2022,Q3,7,July,29,Thursday,False,2022,FQ2
20220722,2022-07-22,2022,Q3,7,July,29,Friday,False,2022,FQ2
20220723,2022-07-23,2022,Q3,7,July,29,Saturday,True,2022,FQ2
20220724,2022-07-24,2022,Q3,7,July,29,Sunday,True,2022,FQ2
20220725,2022-07-25,2022,Q3,7,July,30,Monday,False,2022,FQ2
20220726,2022-07-26,2022,Q3,7,July,30,Tuesday,False,2022,FQ2
20220727,2022-07-27,2022,Q3,7,July,30,Wednesday,False,2022,FQ2
20220728,2022-07-28,2022,Q3,7,July,30,Thursday,False,2022,FQ2
20220729,2022-07-29,2022,Q3,7,July,30,Friday,False,2022,FQ2
20220730,2022-07-30,2022,Q3,7,July,30,Saturday,True,2022,FQ2
20220731,2022-07-31,2022,Q3,7,July,30,Sunday,True,2022,FQ2
20220801,2022-08-01,2022,Q3,8,August,31,Monday,False,2022,FQ2
20220802,2022-08-02,2022,Q3,8,August,31,Tuesday,False,2022,FQ2
20220803,2022-08-03,2022,Q3,8,August,31,Wednesday,False,2022,FQ2
20220804,2022-08-04,2022,Q3,8,August,31,Thursday,False,2022,FQ2
20220805,2022-08-05,2022,Q3,8,August,31,Friday,False,2022,FQ2
20220806,2022-08-06,2022,Q3,8,August,31,Saturday,True,2022,FQ2
20220807,2022-08-07,2022,Q3,8,August,31,Sunday,True,2022,FQ2
20220808,2022-08-08,2022,Q3,8,August,32,Monday,False,2022,FQ2
20220809,2022-08-09,2022,Q3,8,August,32,Tuesday,False,2022,FQ2
20220810,2022-08-10,2022,Q3,8,August,32,Wednesday,False,2022,FQ2
20220811,2022-08-11,2022,Q3,8,August,32,Thursday,False,2022,FQ2
20220812,2022-08-12,2022,Q3,8,August,32,Friday,False,2022,FQ2
20220813,2022-08-13,2022,Q3,8,August,32,Saturday,True,2022,FQ2
20220814,2022-08-14,2022,Q3,8,August,32,Sunday,True,2022,FQ2
20220815,2022-08-15,2022,Q3,8,August,33,Monday,False,2022,FQ2
20220816,2022-08-16,2022,Q3,8,August,33,Tuesday,False,2022,FQ2
20220817,2022-08-17,2022,Q3,8,August,33,Wednesday,False,2022,FQ2
20220818,2022-08-18,2022,Q3,8,August,33,Thursday,False,2022,FQ2
20220819,2022-08-19,2022,Q3,8,August,33,Friday,False,2022,FQ2
20220820,2022-08-20,2022,Q3,8,August,33,Saturday,True,2022,FQ2
20220821,2022-08-21,2022,Q3,8,August,33,Sunday,True,2022,FQ2
20220822,2022-08-22,2022,Q3,8,August,34,Monday,False,2022,FQ2
20220823,2022-08-23,2022,Q3,8,August,34,Tuesday,False,2022,FQ2
20220824,2022-08-24,2022,Q3,8,August,34,Wednesday,False,2022,FQ2
20220825,2022-08-25,2022,Q3,8,August,34,Thursday,False,2022,FQ2
20220826,2022-08-26,2022,Q3,8,August,34,Friday,False,2022,FQ2
20220827,2022-08-27,2022,Q3,8,August,34,Saturday,True,2022,FQ2
20220828,2022-08-28,2022,Q3,8,August,34,Sunday,True,2022,FQ2
20220829,2022-08-29,2022,Q3,8,August,35,Monday,False,2022,FQ2
20220830,2022-08-30,2022,Q3,8,August,35,Tuesday,False,2022,FQ2
20220831,2022-08-31,2022,Q3,8,August,35,Wednesday,False,2022,FQ2
20220901,2022-09-01,2022,Q3,9,September,35,Thursday,False,2022,FQ2
20220902,2022-09-02,2022,Q3,9,September,35,Friday,False,2022,FQ2
20220903,2022-09-03,2022,Q3,9,September,35,Saturday,True,2022,FQ2
20220904,2022-09-04,2022,Q3,9,September,35,Sunday,True,2022,FQ2
20220905,2022-09-05,2022,Q3,9,September,36,Monday,False,2022,FQ2
20220906,2022-09-06,2022,Q3,9,September,36,Tuesday,False,2022,FQ2
20220907,2022-09-07,2022,Q3,9,September,36,Wednesday,False,2022,FQ2
20220908,2022-09-08,2022,Q3,9,September,36,Thursday,False,2022,FQ2
20220909,2022-09-09,2022,Q3,9,September,36,Friday,False,2022,FQ2
20220910,2022-09-10,2022,Q3,9,September,36,Saturday,True,2022,FQ2
20220911,2022-09-11,2022,Q3,9,September,36,Sunday,True,2022,FQ2
20220912,2022-09-12,2022,Q3,9,September,37,Monday,False,2022,FQ2
20220913,2022-09-13,2022,Q3,9,September,37,Tuesday,False,2022,FQ2
20220914,2022-09-14,2022,Q3,9,September,37,Wednesday,False,2022,FQ2
20220915,2022-09-15,2022,Q3,9,September,37,Thursday,False,2022,FQ2
20220916,2022-09-16,2022,Q3,9,September,37,Friday,False,2022,FQ2
20220917,2022-09-17,2022,Q3,9,September,37,Saturday,True,2022,FQ2
20220918,2022-09-18,2022,Q3,9,September,37,Sunday,True,2022,FQ2
20220919,2022-09-19,2022,Q3,9,September,38,Monday,False,2022,FQ2
20220920,2022-09-20,2022,Q3,9,September,38,Tuesday,False,2022,FQ2
20220921,2022-09-21,2022,Q3,9,September,38,Wednesday,False,2022,FQ2
20220922,2022-09-22,2022,Q3,9,September,38,Thursday,False,2022,FQ2
20220923,2022-09-23,2022,Q3,9,September,38,Friday,False,2022,FQ2
20220924,2022-09-24,2022,Q3,9,September,38,Saturday,True,2022,FQ2
20220925,2022-09-25,2022,Q3,9,September,38,Sunday,True,2022,FQ2
20220926,2022-09-26,2022,Q3,9,September,39,Monday,False,2022,FQ2
20220927,2022-09-27,2022,Q3,9,September,39,Tuesday,False,2022,FQ2
20220928,2022-09-28,2022,Q3,9,September,39,Wednesday,False,2022,FQ2
20220929,2022-09-29,2022,Q3,9,September,39,Thursday,False,2022,FQ2
20220930,2022-09-30,2022,Q3,9,September,39,Friday,False,2022,FQ2
20221001,2022-10-01,2022,Q4,10,October,39,Saturday,True,2022,FQ3
20221002,2022-10-02,2022,Q4,10,October,39,Sunday,True,2022,FQ3
20221003,2022-10-03,2022,Q4,10,October,40,Monday,False,2022,FQ3
20221004,2022-10-04,2022,Q4,10,October,40,Tuesday,False,2022,FQ3
20221005,2022-10-05,2022,Q4,10,October,40,Wednesday,False,2022,FQ3
20221006,2022-10-06,2022,Q4,10,October,40,Thursday,False,2022,FQ3
20221007,2022-10-07,2022,Q4,10,October,40,Friday,False,2022,FQ3
20221008,2022-10-08,2022,Q4,10,October,40,Saturday,True,2022,FQ3
20221009,2022-10-09,2022,Q4,10,October,40,Sunday,True,2022,FQ3
20221010,2022-10-10,2022,Q4,10,October,41,Monday,False,2022,FQ3
20221011,2022-10-11,2022,Q4,10,October,41,Tuesday,False,2022,FQ3
20221012,2022-10-12,2022,Q4,10,October,41,Wednesday,False,2022,FQ3
20221013,2022-10-13,2022,Q4,10,October,41,Thursday,False,2022,FQ3
20221014,2022-10-14,2022,Q4,10,October,41,Friday,False,2022,FQ3
20221015,2022-10-15,2022,Q4,10,October,41,Saturday,True,2022,FQ3
20221016,2022-10-16,2022,Q4,10,October,41,Sunday,True,2022,FQ3
20221017,2022-10-17,2022,Q4,10,October,42,Monday,False,2022,FQ3
20221018,2022-10-18,2022,Q4,10,October,42,Tuesday,False,2022,FQ3
20221019,2022-10-19,2022,Q4,10,October,42,Wednesday,False,2022,FQ3
20221020,2022-10-20,2022,Q4,10,October,42,Thursday,False,2022,FQ3
20221021,2022-10-21,2022,Q4,10,October,42,Friday,False,2022,FQ3
20221022,2022-10-22,2022,Q4,10,October,42,Saturday,True,2022,FQ3
20221023,2022-10-23,2022,Q4,10,October,42,Sunday,True,2022,FQ3
20221024,2022-10-24,2022,Q4,10,October,43,Monday,False,2022,FQ3
20221025,2022-10-25,2022,Q4,10,October,43,Tuesday,False,2022,FQ3
20221026,2022-10-26,2022,Q4,10,October,43,Wednesday,False,2022,FQ3
20221027,2022-10-27,2022,Q4,10,October,43,Thursday,False,2022,FQ3
20221028,2022-10-28,2022,Q4,10,October,43,Friday,False,2022,FQ3
20221029,2022-10-29,2022,Q4,10,October,43,Saturday,True,2022,FQ3
20221030,2022-10-30,2022,Q4,10,October,43,Sunday,True,2022,FQ3
20221031,2022-10-31,2022,Q4,10,October,44,Monday,False,2022,FQ3
20221101,2022-11-01,2022,Q4,11,November,44,Tuesday,False,2022,FQ3
20221102,2022-11-02,2022,Q4,11,November,44,Wednesday,False,2022,FQ3
20221103,2022-11-03,2022,Q4,11,November,44,Thursday,False,2022,FQ3
20221104,2022-11-04,2022,Q4,11,November,44,Friday,False,2022,FQ3
20221105,2022-11-05,2022,Q4,11,November,44,Saturday,True,2022,FQ3
20221106,2022-11-06,2022,Q4,11,November,44,Sunday,True,2022,FQ3
20221107,2022-11-07,2022,Q4,11,November,45,Monday,False,2022,FQ3
20221108,2022-11-08,2022,Q4,11,November,45,Tuesday,False,2022,FQ3
20221109,2022-11-09,2022,Q4,11,November,45,Wednesday,False,2022,FQ3
20221110,2022-11-10,2022,Q4,11,November,45,Thursday,False,2022,FQ3
20221111,2022-11-11,2022,Q4,11,November,45,Friday,False,2022,FQ3
20221112,2022-11-12,2022,Q4,11,November,45,Saturday,True,2022,FQ3
20221113,2022-11-13,2022,Q4,11,November,45,Sunday,True,2022,FQ3
20221114,2022-11-14,2022,Q4,11,November,46,Monday,False,2022,FQ3
20221115,2022-11-15,2022,Q4,11,November,46,Tuesday,False,2022,FQ3
20221116,2022-11-16,2022,Q4,11,November,46,Wednesday,False,2022,FQ3
20221117,2022-11-17,2022,Q4,11,November,46,Thursday,False,2022,FQ3
20221118,2022-11-18,2022,Q4,11,November,46,Friday,False,2022,FQ3
20221119,2022-11-19,2022,Q4,11,November,46,Saturday,True,2022,FQ3
20221120,2022-11-20,2022,Q4,11,November,46,Sunday,True,2022,FQ3
20221121,2022-11-21,2022,Q4,11,November,47,Monday,False,2022,FQ3
20221122,2022-11-22,2022,Q4,11,November,47,Tuesday,False,2022,FQ3
20221123,2022-11-23,2022,Q4,11,November,47,Wednesday,False,2022,FQ3
20221124,2022-11-24,2022,Q4,11,November,47,Thursday,False,2022,FQ3
20221125,2022-11-25,2022,Q4,11,November,47,Friday,False,2022,FQ3
20221126,2022-11-26,2022,Q4,11,November,47,Saturday,True,2022,FQ3
20221127,2022-11-27,2022,Q4,11,November,47,Sunday,True,2022,FQ3
20221128,2022-11-28,2022,Q4,11,November,48,Monday,False,2022,FQ3
20221129,2022-11-29,2022,Q4,11,November,48,Tuesday,False,2022,FQ3
20221130,2022-11-30,2022,Q4,11,November,48,Wednesday,False,2022,FQ3
20221201,2022-12-01,2022,Q4,12,December,48,Thursday,False,2022,FQ3
20221202,2022-12-02,2022,Q4,12,December,48,Friday,False,2022,FQ3
20221203,2022-12-03,2022,Q4,12,December,48,Saturday,True,2022,FQ3
20221204,2022-12-04,2022,Q4,12,December,48,Sunday,True,2022,FQ3
20221205,2022-12-05,2022,Q4,12,December,49,Monday,False,2022,FQ3
20221206,2022-12-06,2022,Q4,12,December,49,Tuesday,False,2022,FQ3
20221207,2022-12-07,2022,Q4,12,December,49,Wednesday,False,2022,FQ3
20221208,2022-12-08,2022,Q4,12,December,49,Thursday,False,2022,FQ3
20221209,2022-12-09,2022,Q4,12,December,49,Friday,False,2022,FQ3
20221210,2022-12-10,2022,Q4,12,December,49,Saturday,True,2022,FQ3
20221211,2022-12-11,2022,Q4,12,December,49,Sunday,True,2022,FQ3
20221212,2022-12-12,2022,Q4,12,December,50,Monday,False,2022,FQ3
20221213,2022-12-13,2022,Q4,12,December,50,Tuesday,False,2022,FQ3
20221214,2022-12-14,2022,Q4,12,December,50,Wednesday,False,2022,FQ3
20221215,2022-12-15,2022,Q4,12,December,50,Thursday,False,2022,FQ3
20221216,2022-12-16,2022,Q4,12,December,50,Friday,False,2022,FQ3
20221217,2022-12-17,2022,Q4,12,December,50,Saturday,True,2022,FQ3
20221218,2022-12-18,2022,Q4,12,December,50,Sunday,True,2022,FQ3
20221219,2022-12-19,2022,Q4,12,December,51,Monday,False,2022,FQ3
20221220,2022-12-20,2022,Q4,12,December,51,Tuesday,False,2022,FQ3
20221221,2022-12-21,2022,Q4,12,December,51,Wednesday,False,2022,FQ3
20221222,2022-12-22,2022,Q4,12,December,51,Thursday,False,2022,FQ3
20221223,2022-12-23,2022,Q4,12,December,51,Friday,False,2022,FQ3
20221224,2022-12-24,2022,Q4,12,December,51,Saturday,True,2022,FQ3
20221225,2022-12-25,2022,Q4,12,December,51,Sunday,True,2022,FQ3
20221226,2022-12-26,2022,Q4,12,December,52,Monday,False,2022,FQ3
20221227,2022-12-27,2022,Q4,12,December,52,Tuesday,False,2022,FQ3
20221228,2022-12-28,2022,Q4,12,December,52,Wednesday,False,2022,FQ3
20221229,2022-12-29,2022,Q4,12,December,52,Thursday,False,2022,FQ3
20221230,2022-12-30,2022,Q4,12,December,52,Friday,False,2022,FQ3
20221231,2022-12-31,2022,Q4,12,December,52,Saturday,True,2022,FQ3
20230101,2023-01-01,2023,Q1,1,January,52,Sunday,True,2022,FQ4
20230102,2023-01-02,2023,Q1,1,January,1,Monday,False,2022,FQ4
20230103,2023-01-03,2023,Q1,1,January,1,Tuesday,False,2022,FQ4
20230104,2023-01-04,2023,Q1,1,January,1,Wednesday,False,2022,FQ4
20230105,2023-01-05,2023,Q1,1,January,1,Thursday,False,2022,FQ4
20230106,2023-01-06,2023,Q1,1,January,1,Friday,False,2022,FQ4
20230107,2023-01-07,2023,Q1,1,January,1,Saturday,True,2022,FQ4
20230108,2023-01-08,2023,Q1,1,January,1,Sunday,True,2022,FQ4
20230109,2023-01-09,2023,Q1,1,January,2,Monday,False,2022,FQ4
20230110,2023-01-10,2023,Q1,1,January,2,Tuesday,False,2022,FQ4
20230111,2023-01-11,2023,Q1,1,January,2,Wednesday,False,2022,FQ4
20230112,2023-01-12,2023,Q1,1,January,2,Thursday,False,2022,FQ4
20230113,2023-01-13,2023,Q1,1,January,2,Friday,False,2022,FQ4
20230114,2023-01-14,2023,Q1,1,January,2,Saturday,True,2022,FQ4
20230115,2023-01-15,2023,Q1,1,January,2,Sunday,True,2022,FQ4
20230116,2023-01-16,2023,Q1,1,January,3,Monday,False,2022,FQ4
20230117,2023-01-17,2023,Q1,1,January,3,Tuesday,False,2022,FQ4
20230118,2023-01-18,2023,Q1,1,January,3,Wednesday,False,2022,FQ4
20230119,2023-01-19,2023,Q1,1,January,3,Thursday,False,2022,FQ4
20230120,2023-01-20,2023,Q1,1,January,3,Friday,False,2022,FQ4
20230121,2023-01-21,2023,Q1,1,January,3,Saturday,True,2022,FQ4
20230122,2023-01-22,2023,Q1,1,January,3,Sunday,True,2022,FQ4
20230123,2023-01-23,2023,Q1,1,January,4,Monday,False,2022,FQ4
20230124,2023-01-24,2023,Q1,1,January,4,Tuesday,False,2022,FQ4
20230125,2023-01-25,2023,Q1,1,January,4,Wednesday,False,2022,FQ4
20230126,2023-01-26,2023,Q1,1,January,4,Thursday,False,2022,FQ4
20230127,2023-01-27,2023,Q1,1,January,4,Friday,False,2022,FQ4
20230128,2023-01-28,2023,Q1,1,January,4,Saturday,True,2022,FQ4
20230129,2023-01-29,2023,Q1,1,January,4,Sunday,True,2022,FQ4
20230130,2023-01-30,2023,Q1,1,January,5,Monday,False,2022,FQ4
20230131,2023-01-31,2023,Q1,1,January,5,Tuesday,False,2022,FQ4
20230201,2023-02-01,2023,Q1,2,February,5,Wednesday,False,2022,FQ4
20230202,2023-02-02,2023,Q1,2,February,5,Thursday,False,2022,FQ4
20230203,2023-02-03,2023,Q1,2,February,5,Friday,False,2022,FQ4
20230204,2023-02-04,2023,Q1,2,February,5,Saturday,True,2022,FQ4
20230205,2023-02-05,2023,Q1,2,February,5,Sunday,True,2022,FQ4
20230206,2023-02-06,2023,Q1,2,February,6,Monday,False,2022,FQ4
20230207,2023-02-07,2023,Q1,2,February,6,Tuesday,False,2022,FQ4
20230208,2023-02-08,2023,Q1,2,February,6,Wednesday,False,2022,FQ4
20230209,2023-02-09,2023,Q1,2,February,6,Thursday,False,2022,FQ4
20230210,2023-02-10,2023,Q1,2,February,6,Friday,False,2022,FQ4
20230211,2023-02-11,2023,Q1,2,February,6,Saturday,True,2022,FQ4
20230212,2023-02-12,2023,Q1,2,February,6,Sunday,True,2022,FQ4
20230213,2023-02-13,2023,Q1,2,February,7,Monday,False,2022,FQ4
20230214,2023-02-14,2023,Q1,2,February,7,Tuesday,False,2022,FQ4
20230215,2023-02-15,2023,Q1,2,February,7,Wednesday,False,2022,FQ4
20230216,2023-02-16,2023,Q1,2,February,7,Thursday,False,2022,FQ4
20230217,2023-02-17,2023,Q1,2,February,7,Friday,False,2022,FQ4
20230218,2023-02-18,2023,Q1,2,February,7,Saturday,True,2022,FQ4
20230219,2023-02-19,2023,Q1,2,February,7,Sunday,True,2022,FQ4
20230220,2023-02-20,2023,Q1,2,February,8,Monday,False,2022,FQ4
20230221,2023-02-21,2023,Q1,2,February,8,Tuesday,False,2022,FQ4
20230222,2023-02-22,2023,Q1,2,February,8,Wednesday,False,2022,FQ4
20230223,2023-02-23,2023,Q1,2,February,8,Thursday,False,2022,FQ4
20230224,2023-02-24,2023,Q1,2,February,8,Friday,False,2022,FQ4
20230225,2023-02-25,2023,Q1,2,February,8,Saturday,True,2022,FQ4
20230226,2023-02-26,2023,Q1,2,February,8,Sunday,True,2022,FQ4
20230227,2023-02-27,2023,Q1,2,February,9,Monday,False,2022,FQ4
20230228,2023-02-28,2023,Q1,2,February,9,Tuesday,False,2022,FQ4
20230301,2023-03-01,2023,Q1,3,March,9,Wednesday,False,2022,FQ4
20230302,2023-03-02,2023,Q1,3,March,9,Thursday,False,2022,FQ4
20230303,2023-03-03,2023,Q1,3,March,9,Friday,False,2022,FQ4
20230304,2023-03-04,2023,Q1,3,March,9,Saturday,True,2022,FQ4
20230305,2023-03-05,2023,Q1,3,March,9,Sunday,True,2022,FQ4
20230306,2023-03-06,2023,Q1,3,March,10,Monday,False,2022,FQ4
20230307,2023-03-07,2023,Q1,3,March,10,Tuesday,False,2022,FQ4
20230308,2023-03-08,2023,Q1,3,March,10,Wednesday,False,2022,FQ4
20230309,2023-03-09,2023,Q1,3,March,10,Thursday,False,2022,FQ4
20230310,2023-03-10,2023,Q1,3,March,10,Friday,False,2022,FQ4
20230311,2023-03-11,2023,Q1,3,March,10,Saturday,True,2022,FQ4
20230312,2023-03-12,2023,Q1,3,March,10,Sunday,True,2022,FQ4
20230313,2023-03-13,2023,Q1,3,March,11,Monday,False,2022,FQ4
20230314,2023-03-14,2023,Q1,3,March,11,Tuesday,False,2022,FQ4
20230315,2023-03-15,2023,Q1,3,March,11,Wednesday,False,2022,FQ4
20230316,2023-03-16,2023,Q1,3,March,11,Thursday,False,2022,FQ4
20230317,2023-03-17,2023,Q1,3,March,11,Friday,False,2022,FQ4
20230318,2023-03-18,2023,Q1,3,March,11,Saturday,True,2022,FQ4
20230319,2023-03-19,2023,Q1,3,March,11,Sunday,True,2022,FQ4
20230320,2023-03-20,2023,Q1,3,March,12,Monday,False,2022,FQ4
20230321,2023-03-21,2023,Q1,3,March,12,Tuesday,False,2022,FQ4
20230322,2023-03-22,2023,Q1,3,March,12,Wednesday,False,2022,FQ4
20230323,2023-03-23,2023,Q1,3,March,12,Thursday,False,2022,FQ4
20230324,2023-03-24,2023,Q1,3,March,12,Friday,False,2022,FQ4
20230325,2023-03-25,2023,Q1,3,March,12,Saturday,True,2022,FQ4
20230326,2023-03-26,2023,Q1,3,March,12,Sunday,True,2022,FQ4
20230327,2023-03-27,2023,Q1,3,March,13,Monday,False,2022,FQ4
20230328,2023-03-28,2023,Q1,3,March,13,Tuesday,False,2022,FQ4
20230329,2023-03-29,2023,Q1,3,March,13,Wednesday,False,2022,FQ4
20230330,2023-03-30,2023,Q1,3,March,13,Thursday,False,2022,FQ4
20230331,2023-03-31,2023,Q1,3,March,13,Friday,False,2022,FQ4
20230401,2023-04-01,2023,Q2,4,April,13,Saturday,True,2023,FQ1
20230402,2023-04-02,2023,Q2,4,April,13,Sunday,True,2023,FQ1
20230403,2023-04-03,2023,Q2,4,April,14,Monday,False,2023,FQ1
20230404,2023-04-04,2023,Q2,4,April,14,Tuesday,False,2023,FQ1
20230405,2023-04-05,2023,Q2,4,April,14,Wednesday,False,2023,FQ1
20230406,2023-04-06,2023,Q2,4,April,14,Thursday,False,2023,FQ1
20230407,2023-04-07,2023,Q2,4,April,14,Friday,False,2023,FQ1
20230408,2023-04-08,2023,Q2,4,April,14,Saturday,True,2023,FQ1
20230409,2023-04-09,2023,Q2,4,April,14,Sunday,True,2023,FQ1
20230410,2023-04-10,2023,Q2,4,April,15,Monday,False,2023,FQ1
20230411,2023-04-11,2023,Q2,4,April,15,Tuesday,False,2023,FQ1
20230412,2023-04-12,2023,Q2,4,April,15,Wednesday,False,2023,FQ1
20230413,2023-04-13,2023,Q2,4,April,15,Thursday,False,2023,FQ1
20230414,2023-04-14,2023,Q2,4,April,15,Friday,False,2023,FQ1
20230415,2023-04-15,2023,Q2,4,April,15,Saturday,True,2023,FQ1
20230416,2023-04-16,2023,Q2,4,April,15,Sunday,True,2023,FQ1
20230417,2023-04-17,2023,Q2,4,April,16,Monday,False,2023,FQ1
20230418,2023-04-18,2023,Q2,4,April,16,Tuesday,False,2023,FQ1
20230419,2023-04-19,2023,Q2,4,April,16,Wednesday,False,2023,FQ1
20230420,2023-04-20,2023,Q2,4,April,16,Thursday,False,2023,FQ1
20230421,2023-04-21,2023,Q2,4,April,16,Friday,False,2023,FQ1
20230422,2023-04-22,2023,Q2,4,April,16,Saturday,True,2023,FQ1
20230423,2023-04-23,2023,Q2,4,April,16,Sunday,True,2023,FQ1
20230424,2023-04-24,2023,Q2,4,April,17,Monday,False,2023,FQ1
20230425,2023-04-25,2023,Q2,4,April,17,Tuesday,False,2023,FQ1
20230426,2023-04-26,2023,Q2,4,April,17,Wednesday,False,2023,FQ1
20230427,2023-04-27,2023,Q2,4,April,17,Thursday,False,2023,FQ1
20230428,2023-04-28,2023,Q2,4,April,17,Friday,False,2023,FQ1
20230429,2023-04-29,2023,Q2,4,April,17,Saturday,True,2023,FQ1
20230430,2023-04-30,2023,Q2,4,April,17,Sunday,True,2023,FQ1
20230501,2023-05-01,2023,Q2,5,May,18,Monday,False,2023,FQ1
20230502,2023-05-02,2023,Q2,5,May,18,Tuesday,False,2023,FQ1
20230503,2023-05-03,2023,Q2,5,May,18,Wednesday,False,2023,FQ1
20230504,2023-05-04,2023,Q2,5,May,18,Thursday,False,2023,FQ1
20230505,2023-05-05,2023,Q2,5,May,18,Friday,False,2023,FQ1
20230506,2023-05-06,2023,Q2,5,May,18,Saturday,True,2023,FQ1
20230507,2023-05-07,2023,Q2,5,May,18,Sunday,True,2023,FQ1
20230508,2023-05-08,2023,Q2,5,May,19,Monday,False,2023,FQ1
20230509,2023-05-09,2023,Q2,5,May,19,Tuesday,False,2023,FQ1
20230510,2023-05-10,2023,Q2,5,May,19,Wednesday,False,2023,FQ1
20230511,2023-05-11,2023,Q2,5,May,19,Thursday,False,2023,FQ1
20230512,2023-05-12,2023,Q2,5,May,19,Friday,False,2023,FQ1
20230513,2023-05-13,2023,Q2,5,May,19,Saturday,True,2023,FQ1
20230514,2023-05-14,2023,Q2,5,May,19,Sunday,True,2023,FQ1
20230515,2023-05-15,2023,Q2,5,May,20,Monday,False,2023,FQ1
20230516,2023-05-16,2023,Q2,5,May,20,Tuesday,False,2023,FQ1
20230517,2023-05-17,2023,Q2,5,May,20,Wednesday,False,2023,FQ1
20230518,2023-05-18,2023,Q2,5,May,20,Thursday,False,2023,FQ1
20230519,2023-05-19,2023,Q2,5,May,20,Friday,False,2023,FQ1
20230520,2023-05-20,2023,Q2,5,May,20,Saturday,True,2023,FQ1
20230521,2023-05-21,2023,Q2,5,May,20,Sunday,True,2023,FQ1
20230522,2023-05-22,2023,Q2,5,May,21,Monday,False,2023,FQ1
20230523,2023-05-23,2023,Q2,5,May,21,Tuesday,False,2023,FQ1
20230524,2023-05-24,2023,Q2,5,May,21,Wednesday,False,2023,FQ1
20230525,2023-05-25,2023,Q2,5,May,21,Thursday,False,2023,FQ1
20230526,2023-05-26,2023,Q2,5,May,21,Friday,False,2023,FQ1
20230527,2023-05-27,2023,Q2,5,May,21,Saturday,True,2023,FQ1
20230528,2023-05-28,2023,Q2,5,May,21,Sunday,True,2023,FQ1
20230529,2023-05-29,2023,Q2,5,May,22,Monday,False,2023,FQ1
20230530,2023-05-30,2023,Q2,5,May,22,Tuesday,False,2023,FQ1
20230531,2023-05-31,2023,Q2,5,May,22,Wednesday,False,2023,FQ1
20230601,2023-06-01,2023,Q2,6,June,22,Thursday,False,2023,FQ1
20230602,2023-06-02,2023,Q2,6,June,22,Friday,False,2023,FQ1
20230603,2023-06-03,2023,Q2,6,June,22,Saturday,True,2023,FQ1
20230604,2023-06-04,2023,Q2,6,June,22,Sunday,True,2023,FQ1
20230605,2023-06-05,2023,Q2,6,June,23,Monday,False,2023,FQ1
20230606,2023-06-06,2023,Q2,6,June,23,Tuesday,False,2023,FQ1
20230607,2023-06-07,2023,Q2,6,June,23,Wednesday,False,2023,FQ1
20230608,2023-06-08,2023,Q2,6,June,23,Thursday,False,2023,FQ1
20230609,2023-06-09,2023,Q2,6,June,23,Friday,False,2023,FQ1
20230610,2023-06-10,2023,Q2,6,June,23,Saturday,True,2023,FQ1
20230611,2023-06-11,2023,Q2,6,June,23,Sunday,True,2023,FQ1
20230612,2023-06-12,2023,Q2,6,June,24,Monday,False,2023,FQ1
20230613,2023-06-13,2023,Q2,6,June,24,Tuesday,False,2023,FQ1
20230614,2023-06-14,2023,Q2,6,June,24,Wednesday,False,2023,FQ1
20230615,2023-06-15,2023,Q2,6,June,24,Thursday,False,2023,FQ1
20230616,2023-06-16,2023,Q2,6,June,24,Friday,False,2023,FQ1
20230617,2023-06-17,2023,Q2,6,June,24,Saturday,True,2023,FQ1
20230618,2023-06-18,2023,Q2,6,June,24,Sunday,True,2023,FQ1
20230619,2023-06-19,2023,Q2,6,June,25,Monday,False,2023,FQ1
20230620,2023-06-20,2023,Q2,6,June,25,Tuesday,False,2023,FQ1
20230621,2023-06-21,2023,Q2,6,June,25,Wednesday,False,2023,FQ1
20230622,2023-06-22,2023,Q2,6,June,25,Thursday,False,2023,FQ1
20230623,2023-06-23,2023,Q2,6,June,25,Friday,False,2023,FQ1
20230624,2023-06-24,2023,Q2,6,June,25,Saturday,True,2023,FQ1
20230625,2023-06-25,2023,Q2,6,June,25,Sunday,True,2023,FQ1
20230626,2023-06-26,2023,Q2,6,June,26,Monday,False,2023,FQ1
20230627,2023-06-27,2023,Q2,6,June,26,Tuesday,False,2023,FQ1
20230628,2023-06-28,2023,Q2,6,June,26,Wednesday,False,2023,FQ1
20230629,2023-06-29,2023,Q2,6,June,26,Thursday,False,2023,FQ1
20230630,2023-06-30,2023,Q2,6,June,26,Friday,False,2023,FQ1
20230701,2023-07-01,2023,Q3,7,July,26,Saturday,True,2023,FQ2
20230702,2023-07-02,2023,Q3,7,July,26,Sunday,True,2023,FQ2
20230703,2023-07-03,2023,Q3,7,July,27,Monday,False,2023,FQ2
20230704,2023-07-04,2023,Q3,7,July,27,Tuesday,False,2023,FQ2
20230705,2023-07-05,2023,Q3,7,July,27,Wednesday,False,2023,FQ2
20230706,2023-07-06,2023,Q3,7,July,27,Thursday,False,2023,FQ2
20230707,2023-07-07,2023,Q3,7,July,27,Friday,False,2023,FQ2
20230708,2023-07-08,2023,Q3,7,July,27,Saturday,True,2023,FQ2
20230709,2023-07-09,2023,Q3,7,July,27,Sunday,True,2023,FQ2
20230710,2023-07-10,2023,Q3,7,July,28,Monday,False,2023,FQ2
20230711,2023-07-11,2023,Q3,7,July,28,Tuesday,False,2023,FQ2
20230712,2023-07-12,2023,Q3,7,July,28,Wednesday,False,2023,FQ2
20230713,2023-07-13,2023,Q3,7,July,28,Thursday,False,2023,FQ2
20230714,2023-07-14,2023,Q3,7,July,28,Friday,False,2023,FQ2
20230715,2023-07-15,2023,Q3,7,July,28,Saturday,True,2023,FQ2
20230716,2023-07-16,2023,Q3,7,July,28,Sunday,True,2023,FQ2
20230717,2023-07-17,2023,Q3,7,July,29,Monday,False,2023,FQ2
20230718,2023-07-18,2023,Q3,7,July,29,Tuesday,False,2023,FQ2
20230719,2023-07-19,2023,Q3,7,July,29,Wednesday,False,2023,FQ2
20230720,2023-07-20,2023,Q3,7,July,29,Thursday,False,2023,FQ2
20230721,2023-07-21,2023,Q3,7,July,29,Friday,False,2023,FQ2
20230722,2023-07-22,2023,Q3,7,July,29,Saturday,True,2023,FQ2
20230723,2023-07-23,2023,Q3,7,July,29,Sunday,True,2023,FQ2
20230724,2023-07-24,2023,Q3,7,July,30,Monday,False,2023,FQ2
20230725,2023-07-25,2023,Q3,7,July,30,Tuesday,False,2023,FQ2
20230726,2023-07-26,2023,Q3,7,July,30,Wednesday,False,2023,FQ2
20230727,2023-07-27,2023,Q3,7,July,30,Thursday,False,2023,FQ2
20230728,2023-07-28,2023,Q3,7,July,30,Friday,False,2023,FQ2
20230729,2023-07-29,2023,Q3,7,July,30,Saturday,True,2023,FQ2
20230730,2023-07-30,2023,Q3,7,July,30,Sunday,True,2023,FQ2
20230731,2023-07-31,2023,Q3,7,July,31,Monday,False,2023,FQ2
20230801,2023-08-01,2023,Q3,8,August,31,Tuesday,False,2023,FQ2
20230802,2023-08-02,2023,Q3,8,August,31,Wednesday,False,2023,FQ2
20230803,2023-08-03,2023,Q3,8,August,31,Thursday,False,2023,FQ2
20230804,2023-08-04,2023,Q3,8,August,31,Friday,False,2023,FQ2
20230805,2023-08-05,2023,Q3,8,August,31,Saturday,True,2023,FQ2
20230806,2023-08-06,2023,Q3,8,August,31,Sunday,True,2023,FQ2
20230807,2023-08-07,2023,Q3,8,August,32,Monday,False,2023,FQ2
20230808,2023-08-08,2023,Q3,8,August,32,Tuesday,False,2023,FQ2
20230809,2023-08-09,2023,Q3,8,August,32,Wednesday,False,2023,FQ2
20230810,2023-08-10,2023,Q3,8,August,32,Thursday,False,2023,FQ2
20230811,2023-08-11,2023,Q3,8,August,32,Friday,False,2023,FQ2
20230812,2023-08-12,2023,Q3,8,August,32,Saturday,True,2023,FQ2
20230813,2023-08-13,2023,Q3,8,August,32,Sunday,True,2023,FQ2
20230814,2023-08-14,2023,Q3,8,August,33,Monday,False,2023,FQ2
20230815,2023-08-15,2023,Q3,8,August,33,Tuesday,False,2023,FQ2
20230816,2023-08-16,2023,Q3,8,August,33,Wednesday,False,2023,FQ2
20230817,2023-08-17,2023,Q3,8,August,33,Thursday,False,2023,FQ2
20230818,2023-08-18,2023,Q3,8,August,33,Friday,False,2023,FQ2
20230819,2023-08-19,2023,Q3,8,August,33,Saturday,True,2023,FQ2
20230820,2023-08-20,2023,Q3,8,August,33,Sunday,True,2023,FQ2
20230821,2023-08-21,2023,Q3,8,August,34,Monday,False,2023,FQ2
20230822,2023-08-22,2023,Q3,8,August,34,Tuesday,False,2023,FQ2
20230823,2023-08-23,2023,Q3,8,August,34,Wednesday,False,2023,FQ2
20230824,2023-08-24,2023,Q3,8,August,34,Thursday,False,2023,FQ2
20230825,2023-08-25,2023,Q3,8,August,34,Friday,False,2023,FQ2
20230826,2023-08-26,2023,Q3,8,August,34,Saturday,True,2023,FQ2
20230827,2023-08-27,2023,Q3,8,August,34,Sunday,True,2023,FQ2
20230828,2023-08-28,2023,Q3,8,August,35,Monday,False,2023,FQ2
20230829,2023-08-29,2023,Q3,8,August,35,Tuesday,False,2023,FQ2
20230830,2023-08-30,2023,Q3,8,August,35,Wednesday,False,2023,FQ2
20230831,2023-08-31,2023,Q3,8,August,35,Thursday,False,2023,FQ2
20230901,2023-09-01,2023,Q3,9,September,35,Friday,False,2023,FQ2
20230902,2023-09-02,2023,Q3,9,September,35,Saturday,True,2023,FQ2
20230903,2023-09-03,2023,Q3,9,September,35,Sunday,True,2023,FQ2
20230904,2023-09-04,2023,Q3,9,September,36,Monday,False,2023,FQ2
20230905,2023-09-05,2023,Q3,9,September,36,Tuesday,False,2023,FQ2
20230906,2023-09-06,2023,Q3,9,September,36,Wednesday,False,2023,FQ2
20230907,2023-09-07,2023,Q3,9,September,36,Thursday,False,2023,FQ2
20230908,2023-09-08,2023,Q3,9,September,36,Friday,False,2023,FQ2
20230909,2023-09-09,2023,Q3,9,September,36,Saturday,True,2023,FQ2
20230910,2023-09-10,2023,Q3,9,September,36,Sunday,True,2023,FQ2
20230911,2023-09-11,2023,Q3,9,September,37,Monday,False,2023,FQ2
20230912,2023-09-12,2023,Q3,9,September,37,Tuesday,False,2023,FQ2
20230913,2023-09-13,2023,Q3,9,September,37,Wednesday,False,2023,FQ2
20230914,2023-09-14,2023,Q3,9,September,37,Thursday,False,2023,FQ2
20230915,2023-09-15,2023,Q3,9,September,37,Friday,False,2023,FQ2
20230916,2023-09-16,2023,Q3,9,September,37,Saturday,True,2023,FQ2
20230917,2023-09-17,2023,Q3,9,September,37,Sunday,True,2023,FQ2
20230918,2023-09-18,2023,Q3,9,September,38,Monday,False,2023,FQ2
20230919,2023-09-19,2023,Q3,9,September,38,Tuesday,False,2023,FQ2
20230920,2023-09-20,2023,Q3,9,September,38,Wednesday,False,2023,FQ2
20230921,2023-09-21,2023,Q3,9,September,38,Thursday,False,2023,FQ2
20230922,2023-09-22,2023,Q3,9,September,38,Friday,False,2023,FQ2
20230923,2023-09-23,2023,Q3,9,September,38,Saturday,True,2023,FQ2
20230924,2023-09-24,2023,Q3,9,September,38,Sunday,True,2023,FQ2
20230925,2023-09-25,2023,Q3,9,September,39,Monday,False,2023,FQ2
20230926,2023-09-26,2023,Q3,9,September,39,Tuesday,False,2023,FQ2
20230927,2023-09-27,2023,Q3,9,September,39,Wednesday,False,2023,FQ2
20230928,2023-09-28,2023,Q3,9,September,39,Thursday,False,2023,FQ2
20230929,2023-09-29,2023,Q3,9,September,39,Friday,False,2023,FQ2
20230930,2023-09-30,2023,Q3,9,September,39,Saturday,True,2023,FQ2
20231001,2023-10-01,2023,Q4,10,October,39,Sunday,True,2023,FQ3
20231002,2023-10-02,2023,Q4,10,October,40,Monday,False,2023,FQ3
20231003,2023-10-03,2023,Q4,10,October,40,Tuesday,False,2023,FQ3
20231004,2023-10-04,2023,Q4,10,October,40,Wednesday,False,2023,FQ3
20231005,2023-10-05,2023,Q4,10,October,40,Thursday,False,2023,FQ3
20231006,2023-10-06,2023,Q4,10,October,40,Friday,False,2023,FQ3
20231007,2023-10-07,2023,Q4,10,October,40,Saturday,True,2023,FQ3
20231008,2023-10-08,2023,Q4,10,October,40,Sunday,True,2023,FQ3
20231009,2023-10-09,2023,Q4,10,October,41,Monday,False,2023,FQ3
20231010,2023-10-10,2023,Q4,10,October,41,Tuesday,False,2023,FQ3
20231011,2023-10-11,2023,Q4,10,October,41,Wednesday,False,2023,FQ3
20231012,2023-10-12,2023,Q4,10,October,41,Thursday,False,2023,FQ3
20231013,2023-10-13,2023,Q4,10,October,41,Friday,False,2023,FQ3
20231014,2023-10-14,2023,Q4,10,October,41,Saturday,True,2023,FQ3
20231015,2023-10-15,2023,Q4,10,October,41,Sunday,True,2023,FQ3
20231016,2023-10-16,2023,Q4,10,October,42,Monday,False,2023,FQ3
20231017,2023-10-17,2023,Q4,10,October,42,Tuesday,False,2023,FQ3
20231018,2023-10-18,2023,Q4,10,October,42,Wednesday,False,2023,FQ3
20231019,2023-10-19,2023,Q4,10,October,42,Thursday,False,2023,FQ3
20231020,2023-10-20,2023,Q4,10,October,42,Friday,False,2023,FQ3
20231021,2023-10-21,2023,Q4,10,October,42,Saturday,True,2023,FQ3
20231022,2023-10-22,2023,Q4,10,October,42,Sunday,True,2023,FQ3
20231023,2023-10-23,2023,Q4,10,October,43,Monday,False,2023,FQ3
20231024,2023-10-24,2023,Q4,10,October,43,Tuesday,False,2023,FQ3
20231025,2023-10-25,2023,Q4,10,October,43,Wednesday,False,2023,FQ3
20231026,2023-10-26,2023,Q4,10,October,43,Thursday,False,2023,FQ3
20231027,2023-10-27,2023,Q4,10,October,43,Friday,False,2023,FQ3
20231028,2023-10-28,2023,Q4,10,October,43,Saturday,True,2023,FQ3
20231029,2023-10-29,2023,Q4,10,October,43,Sunday,True,2023,FQ3
20231030,2023-10-30,2023,Q4,10,October,44,Monday,False,2023,FQ3
20231031,2023-10-31,2023,Q4,10,October,44,Tuesday,False,2023,FQ3
20231101,2023-11-01,2023,Q4,11,November,44,Wednesday,False,2023,FQ3
20231102,2023-11-02,2023,Q4,11,November,44,Thursday,False,2023,FQ3
20231103,2023-11-03,2023,Q4,11,November,44,Friday,False,2023,FQ3
20231104,2023-11-04,2023,Q4,11,November,44,Saturday,True,2023,FQ3
20231105,2023-11-05,2023,Q4,11,November,44,Sunday,True,2023,FQ3
20231106,2023-11-06,2023,Q4,11,November,45,Monday,False,2023,FQ3
20231107,2023-11-07,2023,Q4,11,November,45,Tuesday,False,2023,FQ3
20231108,2023-11-08,2023,Q4,11,November,45,Wednesday,False,2023,FQ3
20231109,2023-11-09,2023,Q4,11,November,45,Thursday,False,2023,FQ3
20231110,2023-11-10,2023,Q4,11,November,45,Friday,False,2023,FQ3
20231111,2023-11-11,2023,Q4,11,November,45,Saturday,True,2023,FQ3
20231112,2023-11-12,2023,Q4,11,November,45,Sunday,True,2023,FQ3
20231113,2023-11-13,2023,Q4,11,November,46,Monday,False,2023,FQ3
20231114,2023-11-14,2023,Q4,11,November,46,Tuesday,False,2023,FQ3
20231115,2023-11-15,2023,Q4,11,November,46,Wednesday,False,2023,FQ3
20231116,2023-11-16,2023,Q4,11,November,46,Thursday,False,2023,FQ3
20231117,2023-11-17,2023,Q4,11,November,46,Friday,False,2023,FQ3
20231118,2023-11-18,2023,Q4,11,November,46,Saturday,True,2023,FQ3
20231119,2023-11-19,2023,Q4,11,November,46,Sunday,True,2023,FQ3
20231120,2023-11-20,2023,Q4,11,November,47,Monday,False,2023,FQ3
20231121,2023-11-21,2023,Q4,11,November,47,Tuesday,False,2023,FQ3
20231122,2023-11-22,2023,Q4,11,November,47,Wednesday,False,2023,FQ3
20231123,2023-11-23,2023,Q4,11,November,47,Thursday,False,2023,FQ3
20231124,2023-11-24,2023,Q4,11,November,47,Friday,False,2023,FQ3
20231125,2023-11-25,2023,Q4,11,November,47,Saturday,True,2023,FQ3
20231126,2023-11-26,2023,Q4,11,November,47,Sunday,True,2023,FQ3
20231127,2023-11-27,2023,Q4,11,November,48,Monday,False,2023,FQ3
20231128,2023-11-28,2023,Q4,11,November,48,Tuesday,False,2023,FQ3
20231129,2023-11-29,2023,Q4,11,November,48,Wednesday,False,2023,FQ3
20231130,2023-11-30,2023,Q4,11,November,48,Thursday,False,2023,FQ3
20231201,2023-12-01,2023,Q4,12,December,48,Friday,False,2023,FQ3
20231202,2023-12-02,2023,Q4,12,December,48,Saturday,True,2023,FQ3
20231203,2023-12-03,2023,Q4,12,December,48,Sunday,True,2023,FQ3
20231204,2023-12-04,2023,Q4,12,December,49,Monday,False,2023,FQ3
20231205,2023-12-05,2023,Q4,12,December,49,Tuesday,False,2023,FQ3
20231206,2023-12-06,2023,Q4,12,December,49,Wednesday,False,2023,FQ3
20231207,2023-12-07,2023,Q4,12,December,49,Thursday,False,2023,FQ3
20231208,2023-12-08,2023,Q4,12,December,49,Friday,False,2023,FQ3
20231209,2023-12-09,2023,Q4,12,December,49,Saturday,True,2023,FQ3
20231210,2023-12-10,2023,Q4,12,December,49,Sunday,True,2023,FQ3
20231211,2023-12-11,2023,Q4,12,December,50,Monday,False,2023,FQ3
20231212,2023-12-12,2023,Q4,12,December,50,Tuesday,False,2023,FQ3
20231213,2023-12-13,2023,Q4,12,December,50,Wednesday,False,2023,FQ3
20231214,2023-12-14,2023,Q4,12,December,50,Thursday,False,2023,FQ3
20231215,2023-12-15,2023,Q4,12,December,50,Friday,False,2023,FQ3
20231216,2023-12-16,2023,Q4,12,December,50,Saturday,True,2023,FQ3
20231217,2023-12-17,2023,Q4,12,December,50,Sunday,True,2023,FQ3
20231218,2023-12-18,2023,Q4,12,December,51,Monday,False,2023,FQ3
20231219,2023-12-19,2023,Q4,12,December,51,Tuesday,False,2023,FQ3
20231220,2023-12-20,2023,Q4,12,December,51,Wednesday,False,2023,FQ3
20231221,2023-12-21,2023,Q4,12,December,51,Thursday,False,2023,FQ3
20231222,2023-12-22,2023,Q4,12,December,51,Friday,False,2023,FQ3
20231223,2023-12-23,2023,Q4,12,December,51,Saturday,True,2023,FQ3
20231224,2023-12-24,2023,Q4,12,December,51,Sunday,True,2023,FQ3
20231225,2023-12-25,2023,Q4,12,December,52,Monday,False,2023,FQ3
20231226,2023-12-26,2023,Q4,12,December,52,Tuesday,False,2023,FQ3
20231227,2023-12-27,2023,Q4,12,December,52,Wednesday,False,2023,FQ3
20231228,2023-12-28,2023,Q4,12,December,52,Thursday,False,2023,FQ3
20231229,2023-12-29,2023,Q4,12,December,52,Friday,False,2023,FQ3
20231230,2023-12-30,2023,Q4,12,December,52,Saturday,True,2023,FQ3
20231231,2023-12-31,2023,Q4,12,December,52,Sunday,True,2023,FQ3
